ID,Nombre,Calificaci√≥n,Tipo_Comida,Direccion,Coordenadas,Comentario,Fecha_Comentario,Calificacion_Comentario
g2673925-d8050605,Restaurante Mirador Enis,4.5,"Costarricense, Centroamericana, Churrasquer√≠a, Mariscos, Sopas","50 Metros Noroeste De La Bomba Uno A La Par De Motos Honda, Esparza 20602 Costa Rica","9.997197,-84.674255","Comida rica, buena atenci√≥n, precios accesibles, linda vista al mar. Espacioso, iluminado, tranquilo.",8-julio-2022,4
g2673925-d8050605,Restaurante Mirador Enis,4.5,"Costarricense, Centroamericana, Churrasquer√≠a, Mariscos, Sopas","50 Metros Noroeste De La Bomba Uno A La Par De Motos Honda, Esparza 20602 Costa Rica","9.997197,-84.674255","El mejor restaurante de Costa Rica, el ceviche incre√≠ble y un servicio excelente. Hermosa vista al mar",10-junio-2022,5
g2673925-d8050605,Restaurante Mirador Enis,4.5,"Costarricense, Centroamericana, Churrasquer√≠a, Mariscos, Sopas","50 Metros Noroeste De La Bomba Uno A La Par De Motos Honda, Esparza 20602 Costa Rica","9.997197,-84.674255","Una incre√≠ble experiencia, fuimos en familia a cenar.Pedidos de todo un poco y todo super√≥ nuestras expectativas.Mis hijos quedaron fascinados!! Mi esposo encantado con la calidad del marisco.La entra√±a que prob√©, es la mejor. Jugosa y fresca.Simplemente un lugar apto y perfecto para visitar.",9-junio-2022,5
g2673925-d8050605,Restaurante Mirador Enis,4.5,"Costarricense, Centroamericana, Churrasquer√≠a, Mariscos, Sopas","50 Metros Noroeste De La Bomba Uno A La Par De Motos Honda, Esparza 20602 Costa Rica","9.997197,-84.674255","Fui a un almuerzo de amigos el d√≠a de mi cumplea√±os, todo fue exelente la atenci√≥n al cliente y la comida exquisita.Tuve un d√≠a agradable, me trataron s√∫per especial.Lo recomiendo al 1000.Desde el staff hasta los due√±os son personas estupendas. Sin duda alguna un lugar que visitare siempre.",9-junio-2022,5
g2673925-d8050605,Restaurante Mirador Enis,4.5,"Costarricense, Centroamericana, Churrasquer√≠a, Mariscos, Sopas","50 Metros Noroeste De La Bomba Uno A La Par De Motos Honda, Esparza 20602 Costa Rica","9.997197,-84.674255","Un lugar muy lindo para disfrutar el atardecer con la compa√±√≠a de familia y amigos , es pet friendly .  Precios accesibles y una maravillosa vista a todo el golfo de Nicoya.",7-junio-2022,5
g2673925-d8050605,Restaurante Mirador Enis,4.5,"Costarricense, Centroamericana, Churrasquer√≠a, Mariscos, Sopas","50 Metros Noroeste De La Bomba Uno A La Par De Motos Honda, Esparza 20602 Costa Rica","9.997197,-84.674255","Ordene un churrasco, una carne jugosa, bien elaborada, bien servida.La carne estaba exquisita, el corte espectacular y el t√©rmino qued√≥ perfecto y las guarniciones  deliciosas.Y adem√°s un excelente servicio y buenos precios! üëçüèºüòãüòÅ",6-junio-2022,5
g2673925-d8050605,Restaurante Mirador Enis,4.5,"Costarricense, Centroamericana, Churrasquer√≠a, Mariscos, Sopas","50 Metros Noroeste De La Bomba Uno A La Par De Motos Honda, Esparza 20602 Costa Rica","9.997197,-84.674255",Me encanto el lugar... tiene una impresionante vista la Golfo de Nicoya ...exquisita la comida... Ped√≠ un un lomito en salsa de hongos... la carne deliciosa con el punto de maduraci√≥n perfecto jugosa... gustosa... las salsa de hongos cremosa con un sabor deli... venia acompa√±ado de ensalada colorida con el aderezo de la casa y los vegetales frescos al dente. Ahh y lo mejor con un excelente precio. 100% recomendado,5-junio-2022,5
g2673925-d8050605,Restaurante Mirador Enis,4.5,"Costarricense, Centroamericana, Churrasquer√≠a, Mariscos, Sopas","50 Metros Noroeste De La Bomba Uno A La Par De Motos Honda, Esparza 20602 Costa Rica","9.997197,-84.674255","Un excelente ambiente para venir con la familia y amigos, excelente servicio, la comida muy rica y se puede ven√≠r con las mascotas.",5-junio-2022,5
g2673925-d8050605,Restaurante Mirador Enis,4.5,"Costarricense, Centroamericana, Churrasquer√≠a, Mariscos, Sopas","50 Metros Noroeste De La Bomba Uno A La Par De Motos Honda, Esparza 20602 Costa Rica","9.997197,-84.674255","Un lugar de muchos a√±os...con una nueva administracion que se ha esforzado para mejorar la calidad del servicio y los platos servidos en un ambiente limpio y tranquilo...una buena manera de disfrutar entre amigos , familia o pareja de la comida tradicional costaricense",6-noviembre-2018,4
g2673925-d8050605,Restaurante Mirador Enis,4.5,"Costarricense, Centroamericana, Churrasquer√≠a, Mariscos, Sopas","50 Metros Noroeste De La Bomba Uno A La Par De Motos Honda, Esparza 20602 Costa Rica","9.997197,-84.674255","Restaurante Enis calidad de servicio y sobre todo calidad gastron√≥mica, delicias del mar y tierra, con la suerte de vivir en la zona disfruto ocasionalmente de sus sabores, recomendado.",22-diciembre-2017,5
g2673925-d8050605,Restaurante Mirador Enis,4.5,"Costarricense, Centroamericana, Churrasquer√≠a, Mariscos, Sopas","50 Metros Noroeste De La Bomba Uno A La Par De Motos Honda, Esparza 20602 Costa Rica","9.997197,-84.674255","Servicio r√°pido, buena atenci√≥n y muy buena la comida, en esta ocasi√≥n ped√≠ el filet de mig√±on, lo recomiendo",12-febrero-2017,4
g2673925-d8050605,Restaurante Mirador Enis,4.5,"Costarricense, Centroamericana, Churrasquer√≠a, Mariscos, Sopas","50 Metros Noroeste De La Bomba Uno A La Par De Motos Honda, Esparza 20602 Costa Rica","9.997197,-84.674255","La  vista  es  muy  bonita,  ademas  la  comida  sabrosa,  hay  variedad  de  comidas,  lo  mismo  que  la  atencion  es  satisfactoria.  El  ambiente  muy  confortable,  a  su  vez  con  espacio  suficiente  para  parqueo,  tambien  sobresale  su  punto  de  ubicacion  sobre  la  carretera  principal.",23-agosto-2016,5
g2673925-d8050605,Restaurante Mirador Enis,4.5,"Costarricense, Centroamericana, Churrasquer√≠a, Mariscos, Sopas","50 Metros Noroeste De La Bomba Uno A La Par De Motos Honda, Esparza 20602 Costa Rica","9.997197,-84.674255","Calidad de la comida muy buena, sobre todo del ceviche mixto y las dos muchachas que atienden bastante profesionales. Buen lugar para parar a almorzar. Eso si falta el aire acondicionado como en la gran mayor√≠a de restaurantes de Costa Rica",26-mayo-2016,3
g2673925-d8050605,Restaurante Mirador Enis,4.5,"Costarricense, Centroamericana, Churrasquer√≠a, Mariscos, Sopas","50 Metros Noroeste De La Bomba Uno A La Par De Motos Honda, Esparza 20602 Costa Rica","9.997197,-84.674255","He pasado 2 veces pues no conoc√≠a otros lugares por la zona. Tengo que decir que la comida es buena, adem√°s si vas con hambre, la cantidad es suficiente para el viajero voraz. El lugar es amplio, muy fresco y limpio. Desdichadamente, a relaci√≥n de sabor y precio no es un restaurante amigable con el bolsillo, mal que carcome el turismo costarricense; un restaurante ""normal"" sin mayor factor competitivo. Hay mejores opciones en el camino. ",11-mayo-2016,3
g2673925-d8050605,Restaurante Mirador Enis,4.5,"Costarricense, Centroamericana, Churrasquer√≠a, Mariscos, Sopas","50 Metros Noroeste De La Bomba Uno A La Par De Motos Honda, Esparza 20602 Costa Rica","9.997197,-84.674255","Cuando en un viaje de misi√≥n, es dif√≠cil encontrar un buen restaurante para alojar un grupo tan grande. Este servicio fue genial y la comida era de la mejor que he probado!",10-enero-2016,4
g2673925-d8050605,Restaurante Mirador Enis,4.5,"Costarricense, Centroamericana, Churrasquer√≠a, Mariscos, Sopas","50 Metros Noroeste De La Bomba Uno A La Par De Motos Honda, Esparza 20602 Costa Rica","9.997197,-84.674255","Visitaremos Esparza a menudo, y he comido en Enis unas cuantas veces sin decepci√≥n. La vista del Golfo de Nicoya, Puntarenas es d√≠a y noche fant√°stica. La comida es excelente y el tama√±o de las raciones son abundantes. Si vas a viajar entre San Jos√© y Puntarenas y est√°n buscando un extremo superior aut√©ntica experiencia Costarricense de comer la comida y hospitalidad a Enis no te decepcionar√°. Aseg√∫rate de que tienes un casado y disfrutar del flan de postre.",2-enero-2016,5
g2673925-d19186727,Patio Santo,5.0,"Mariscos, Parrillada","San Juan Grande, Esparza Costa Rica","Esparza,+Provincia+de+Puntarenas","La atenci√≥n del personal es muy buena, los c√≥cteles deliciosos y la comida inmejorable! El lugar es abierto, un poco monta√±a pero es un lugar hermoso, hace muy acogedor el restaurante. Debo admitir que es caro, pero cada plato y la calidad de comida y atenci√≥n merece la pena.",20-junio-2022,5
g2673925-d19186727,Patio Santo,5.0,"Mariscos, Parrillada","San Juan Grande, Esparza Costa Rica","Esparza,+Provincia+de+Puntarenas",Si quiere darle un gusto a su paladar‚Ä¶ Patio Santo es el lugar‚Ä¶. Una experiencia gastron√≥mica incomparable! S√öPER RECOMENDADO,12-diciembre-2021,5
g2673925-d19186727,Patio Santo,5.0,"Mariscos, Parrillada","San Juan Grande, Esparza Costa Rica","Esparza,+Provincia+de+Puntarenas",Un excelente lugar para degustar sus sabrosos platillos.Recomendado 100 % para mi unos camarones a la Roca los mejores de todos.,11-diciembre-2021,5
g2673925-d19186727,Patio Santo,5.0,"Mariscos, Parrillada","San Juan Grande, Esparza Costa Rica","Esparza,+Provincia+de+Puntarenas","Ven√≠a a recomendarles un lugar en Esparza de Puntarenas. Cerca de San Ramon! El ambiente demasiado lindo, al aire libre y la comida y c√≥cteles de muerte lenta muuuuuuy buenos . Si es en grupo hay que reservar de lo contrario ll√©guele ! A las 5-6pm est√° vac√≠o ! Se llena despu√©s de las 7pm Estos camarones est√°n en salsa de coco con un poquito de picante. Y me dijeron que el pulpo estaba mortal ! Me hicieron un c√≥ctel personalizado de Mora (tipo mojito) Aceptan mascotas! Lo encuentran en Trip Advisor ! ‚≠êÔ∏è‚≠êÔ∏è‚≠êÔ∏è‚≠êÔ∏è‚≠êÔ∏è",5-diciembre-2021,5
g2673925-d19186727,Patio Santo,5.0,"Mariscos, Parrillada","San Juan Grande, Esparza Costa Rica","Esparza,+Provincia+de+Puntarenas","Sin duda Patio Santo s uno de lo mejores lugares en lo que he podido comer a nivel Nacional la calidad de los productos y lo delicioso no tienen comparaci√≥n, el servicio espectacular! Si quieren darse un placer gastron√≥mico visiten el lugar",22-agosto-2021,5
g2673925-d19186727,Patio Santo,5.0,"Mariscos, Parrillada","San Juan Grande, Esparza Costa Rica","Esparza,+Provincia+de+Puntarenas","Excelente Restaurant en la localidad de Esparza, Puntarenas.Un restaurante dirigido por un joven emprendedor, amante de una cocina innovadora, llena de sabor y calidad!Carnes y Mariscos de excelente calidad a precios accesibles! Existe la posiblidad de degustar vinos de muy buena calidad a precios accesibles sin pagar caprichos. El vino no es un lujo, es un placer!No es necesario viajar hasta San Jos√© para degustar platillos de √≥ptima calidad.En la zona Restaurante Patio Santo es m√°s que una referencia, es una experiencia de sabor y calidad que los conocedores y amantes de la cocina de calidad no dejan pasar! Experimente usted mismo y salga de lo tradicional ha disfrutar una novedad culinaria en un exclusivo ambiente familiar en una hermosa terraza rodeada de naturaleza maravillosa!An√≠mese y disfrute! Me lo agradecer√°! Jasson Ram√≠rez-Cubillo",25-junio-2021,5
g2673925-d12176866,Kaffi Bl√≥m,5.0,"Caf√©, Saludable","Calle 2 Primera Planta Hotel Puntarenas Beach, Esparza Costa Rica","9.990425,-84.66706","Lugar peque√±o pero agradable, buena atenci√≥n y rica reposter√≠a... caf√© especial. Queda en una planta alta.",6-enero-2020,5
g2673925-d12176866,Kaffi Bl√≥m,5.0,"Caf√©, Saludable","Calle 2 Primera Planta Hotel Puntarenas Beach, Esparza Costa Rica","9.990425,-84.66706","Si andas buscando un restaurante con un ambiente √∫nico, buenos mariscos, cortes de carne, cocteles y un buen caf√© este es el lugar que tienes que venir !",31-mayo-2019,5
g2673925-d12176866,Kaffi Bl√≥m,5.0,"Caf√©, Saludable","Calle 2 Primera Planta Hotel Puntarenas Beach, Esparza Costa Rica","9.990425,-84.66706","Esta cafeter√≠a a buscado con creces mantener un est√°ndar de calidad y exquisitez, su caf√© es excelente y sus baristas tambi√©n, recetas incre√≠bles, variadas y √∫nicas, adem√°s de contar con postres deliciosos en un ambiente acogedor y muy chic. Un excelente lugar para tomar caf√© en Esparza. ",8-julio-2018,5
g2673925-d12176866,Kaffi Bl√≥m,5.0,"Caf√©, Saludable","Calle 2 Primera Planta Hotel Puntarenas Beach, Esparza Costa Rica","9.990425,-84.66706","Un ambiente agradable, buen servicio y la calidad de los productos es la mejor. El caf√© es de excelencia y saben como prepararlo correctamente. Adem√°s la reposter√≠a, las crepas y los S√°ndwich son lo mejor! Para finalizar, cuentan con parqueo! Recomendado!",30-mayo-2018,5
g2673925-d12176866,Kaffi Bl√≥m,5.0,"Caf√©, Saludable","Calle 2 Primera Planta Hotel Puntarenas Beach, Esparza Costa Rica","9.990425,-84.66706","Muy recomendado, el ambiente es agradable, tiene aire acondicionado y los precios son justos para la calidad que ofrecen.",25-abril-2018,5
g2673925-d19418222,Restaurante Buena Vista,5.0,"Italiana, Contempor√°nea, Centroamericana, Costarricense","600 metros norte de la Iglesia de Mara√±onal, Esparza, Esparza 60201 Costa Rica","10.0076,-84.658394","Muy buena la comida y los frescos naturales, me encant√≥ el arroz con mariscos y el fresco de pi√±a natural. Muy buena la vista y me dejaron entrar a la perrita",26-febrero-2022,5
g2673925-d19418222,Restaurante Buena Vista,5.0,"Italiana, Contempor√°nea, Centroamericana, Costarricense","600 metros norte de la Iglesia de Mara√±onal, Esparza, Esparza 60201 Costa Rica","10.0076,-84.658394","En el lugar se pueden encontrar con buena comida, adem√°s de que la vista es espectacular. Todo lo anterior en un agradable ambiente.",4-agosto-2020,5
g2673925-d17561159,Heladeria La Parada,5.0,"Italiana, Caf√©, Comida r√°pida, Sudamericana, Centroamericana, Costarricense","San Rafael de Esparza, a 150 mts al norte de la Iglesia catolica, Esparza 60204 Costa Rica","9.982888,-84.60811","Los helados de La Parada son excelentes (mi preferido es el brownie con helado de ron con pasas). El lugar es hermoso. Tienen dos buses escolares adaptados como helader√≠a y mucho lugar al aire libre con puffs. Es ideal para familias, amigos y parejas.Tienen juegos de todo tipo que hacen que la tarde pase volando! Es mucho m√°s que una helader√≠a. Muy original y con muy buen servicio. Sin duda, un lugar muy recomendable!",5-junio-2019,5
g2673925-d13441953,Restaurante Albizu,3.0,"Mariscos, Contempor√°nea, Sudamericana, Centroamericana, Costarricense","Inter American Hwy 500 metros oeste del Banco Costa Rica, frente al Residencial Verolis, Esparza 16201 Costa Rica","9.999213,-84.65013","Visite el restaurante cuando iba de camino para San Jos√©, bien ubicado cerca del centro de Esparza. Me ped√≠ unas Canastas de Camar√≥n y unos compas ceviche mediterraneo. Riqu√≠simo. Super recomendado y para la calidad de la comida los precios son razonables. Muy sorprendido la verdad.Excelente atenci√≥n, el lugar limpio y confortable.",21-agosto-2018,5
