ID,Nombre,Calificación,Tipo_Comida,Direccion,Coordenadas,Comentario,Fecha_Comentario,Calificacion_Comentario
g309293-d9767594,Zonni,4.0,"China, Internacional","Detras de la Pops del Cruce de Llorente, San José 1714-1100 Costa Rica","9.949948,-84.07934","Este lugar es un paraíso de comida gluten free, se encuentra en Tibas pero hacen envíos. Ellos preparan los alimentos en una cocina aparte por lo que es una excelente opción gluten free sin contaminación cruzada . Excelente sabor y muchas opciones:)",12-abril-2022,5
g309293-d9767594,Zonni,4.0,"China, Internacional","Detras de la Pops del Cruce de Llorente, San José 1714-1100 Costa Rica","9.949948,-84.07934","Hoy domingo estaba buscando en Uber eats, dónde comer chino. Y pues me di cuenta que cerca de mí hotel está este sitio muy bueno. Lo recomiendo.",4-agosto-2019,4
g309293-d9767594,Zonni,4.0,"China, Internacional","Detras de la Pops del Cruce de Llorente, San José 1714-1100 Costa Rica","9.949948,-84.07934","La comida tiene muy buen sabor, un precio razonable y competitivo. El lugar no es lujoso pero es limpio y amplio. Tienen muy buena atención y su principal ventaja es que tienen un menú especial para personas alérgicas al gluten, ahí encuentran varios platos ricos y a un buen precio.",8-abril-2019,4
g309293-d9767594,Zonni,4.0,"China, Internacional","Detras de la Pops del Cruce de Llorente, San José 1714-1100 Costa Rica","9.949948,-84.07934",Verdadera comida oriental. Excelente atención. Ambiente agradable. Precios razonables y mucha variedad en el menú. Ofrecen paquetes familiares muy atractivos.,25-septiembre-2017,5
g309293-d9767594,Zonni,4.0,"China, Internacional","Detras de la Pops del Cruce de Llorente, San José 1714-1100 Costa Rica","9.949948,-84.07934",Cómo señalo en el título. Conozco Zonni desde hace más de 20 o 25 años. No ha cambiado mucho. Bonito lugar. Precio  razonable,13-febrero-2017,3
g309293-d9767594,Zonni,4.0,"China, Internacional","Detras de la Pops del Cruce de Llorente, San José 1714-1100 Costa Rica","9.949948,-84.07934",El restaurn es limpio y bonito. Tienen un buen servicio. La comida es rica.Además organizan eventos.Existen precios de almuerzos ejecutivos y más.He comido allí desde hace como 20 años.,1-noviembre-2016,4
g309293-d18978647,Golden Sugar,5.0,"Italiana, Francesa, Estadounidense, Española, Sudamericana, Centroamericana","San Juan, Tibas, Park Plaza Local #5, San José 11301 Costa Rica","9.956038,-84.078316","Un lugar delicioso, casual y excelente servicio. Se nota que es gente que quiere sacar adelante un negocio y hacen todo con amor y pasión.Si andan por SJ es un lugar que vale la dicha visitar y probar sin necesidad de gastar de más. De seguro lo van a disfrutar",10-enero-2020,5
g309293-d18978647,Golden Sugar,5.0,"Italiana, Francesa, Estadounidense, Española, Sudamericana, Centroamericana","San Juan, Tibas, Park Plaza Local #5, San José 11301 Costa Rica","9.956038,-84.078316","Llegamos a tomarnos un café y desde que llegamos la atención fué muy amena, cordial y hasta familiar. Las sugerencias muy buen expuestas por la persona que nos atendió y sin ningún problema dio el detalle de cada uno de los bocadillos que tenían para acompañar el café que deseábamos tomarnos.",9-noviembre-2019,5
g309293-d4156901,Casa Pasta,2.5,Italiana,"Tibas, San José Costa Rica","9.957009,-84.07858","Creo que es tiempo de que cambien el nombre que los caracterizó a uno más acorde: ""Casa Vieja"". Fui hace unos años y el deterioro en este restaurante es evidente. Aunque el mesero hace lo propio por tratar de hacer sentir en casa al comensal el lugar no da para más. Ventanas rotas, corrientes de aire frío en la noche que se filtran por los agujeros de las paredes, el lugar se ve sucio por lo viejo que esta. La comida mantiene el sabor pero creo que hay lugares más bonitos con igual o mejor sabor. Los precios dentro de lo normal para lugares de este tipo. No volvería.",15-julio-2019,3
g309293-d4156901,Casa Pasta,2.5,Italiana,"Tibas, San José Costa Rica","9.957009,-84.07858","No vuelvo más.Una pena invitar a mi familia ahí.Pescado podrido como plato recomendado del chef, hubo que devolverlo.Y carísimo pagamos por todo.Comercio abusivo y pésimo!",3-agosto-2018,1
g309293-d4156901,Casa Pasta,2.5,Italiana,"Tibas, San José Costa Rica","9.957009,-84.07858","Pasta mediocremente hecha. Un restaurante que perdió todo su glamour y buena cuchara. Ponen el pan al final, cuando ya uno ha terminado de comer!!",15-julio-2018,2
g309293-d4156901,Casa Pasta,2.5,Italiana,"Tibas, San José Costa Rica","9.957009,-84.07858","Mala atencion, la pasta mal hecha, sin sabor malo malo malo. Uno pide fetuchini y le sirven macarrones, le taen el pan de ajo cuando ya termino de cenar. La factura la hacen por mas monto y se enojan si uno se da cuenta. Una experiencia TERRIBLE",26-diciembre-2017,1
g309293-d4156901,Casa Pasta,2.5,Italiana,"Tibas, San José Costa Rica","9.957009,-84.07858","Años atrás este fue uno de los lugares que recomendaba a mis amigos visitar. No recordaba el por qué deje de visitarlo: respuesta evidente, van en reversa! El sitio se ve descuidado en vez de antiguo (si es lo que pretenden), la atención apenas aceptable, y la comida también. Al llegar -un domingo- solo una pareja ocupaba una mesa ya servida y fuimos por un par de horas los únicos comensales, tardaron cerca de 45 minutos en preparar los (pizza y pasta) platos y para nuestra sorpresa uno de ellos venía equivocado; aceptamos las excusas del salonero, pero a decir verdad la decepción fue mayor al probarlos. Al salir del sitio solo los empleados quedaron: entendimos el por qué. Es lamentable que un lugar que otrora fuera de calidad y de visita casi obligada, decaiga tanto. Lo único que sigue en ascenso son los precios en el menú, que no tienen relación lógica con que ofrecen. Lugar fuera de mi lista (otra vez)!!",28-octubre-2017,2
g309293-d4156901,Casa Pasta,2.5,Italiana,"Tibas, San José Costa Rica","9.957009,-84.07858","Excelente, magnífica comida y la atención espectacular.Pude probar el mejor salmón que visto y la pasta fresca con salmón y camarón única , la salsa rosada no la he probado en ningún otro lado el tiempo de espera muy bueno y el mesero muy atento de principio a fin , lo recomiendo son pocos lugares donde se da esa comida y una experiencia gastronómica de esa calidad",9-octubre-2017,5
g309293-d4156901,Casa Pasta,2.5,Italiana,"Tibas, San José Costa Rica","9.957009,-84.07858","Casa pasta siempre nos pareció intrigante tenía un aure de restaurante elegante y fachada bonita. Entramos al lugar, y se veía descuidado, sucio y un ambiente más que romántico...lugubre...Aun así nos sentamos a comer pero su comida dejo mucho que desear, pedimos una foccacia para empezar que sabía bien lo normal. Luego pedimos las bebidas que era limonada con hierba buena soli que esta ni sabia ni se veía en el vaso, era pura limonada...luego la comida pedimos una pasta carbinara que sinceramente yo sin experiencia me queda mejor... Ni los ingredientes correctos tenía era más una versión del chef..luego las pizzas pedimos una Meat lovers pero he probado mejores en restaurantes de comida rápida..y luego la peor pedimos una que tenía arugula y esta venía con lechuga... Si lechuga y horneada...no saben el asco que dio tan solo probarla era terrible un sabor que quedo en el paladar digno de una mala broma... Se le reclamo a la pobre mesera que no sabía ni que era arugula y se fue a preguntar...llego el chef a disculparse sencillamente porque la administración no le compra lo que el pide...y porque no dicen que no hay y lo cambian por otro ingrediente? Porque ninguno tiene entrenamiento adecuado... En fin ciao casa pasta...terrible..",9-septiembre-2017,1
g309293-d4156901,Casa Pasta,2.5,Italiana,"Tibas, San José Costa Rica","9.957009,-84.07858",Fuimos en familia para almorzar. La comida muy buena y los precios razonables. El servicio excelente.  Solamente si le hace falta más mantenimiento al restaurante en especial la terraza. Recomendado.,18-febrero-2017,4
g309293-d4156901,Casa Pasta,2.5,Italiana,"Tibas, San José Costa Rica","9.957009,-84.07858","La mejor amattriciana que he comido hasta el momento deliciosa. Agradable lugar, espacioso, buena y rápida atención.",14-febrero-2017,4
g309293-d4156901,Casa Pasta,2.5,Italiana,"Tibas, San José Costa Rica","9.957009,-84.07858","Conozco casa pasta desde hace más de cinco años. Se come bien, bonito por lo rústico el sitio. Un poquito alto el precio, pero al final vale el boleto",13-febrero-2017,4
g309293-d4156901,Casa Pasta,2.5,Italiana,"Tibas, San José Costa Rica","9.957009,-84.07858","Teníamos cerca de 6 años de no visitarlo, y llegamos con la idea de almorzar algo sabroso. Empezamos mal desde nuestra llegada: unos sillones viejos, rotos, sucios, que no invitan a nadie a sentarse, unos sillones largos en algunas mesas con la tela gastada y desteñida, y los manteles en general, lucen un poco descuidados. Ordenamos una foccacia de entrada, y la verdad fue lo único bueno, estaba espectacular, luego, mi esposa ordenó un fetuccini al pomodoro y la pasta estaba pasada de cocción, además el tomate no tenía consistencia, más parecía un sopa, y no tenía un buen sabor. Yo ordené pollo a la parrilla y estaba seco, sin sal y sin buen sabor, solo sabia como a ""parrilla"" y los vegetales no lucían ricos, tan solo unas papas pequeńas de la guarnición estaban bien. El entorno del restaurante luce descuidado, falto de pintura, falto de cariño, especialmente por tratarse de una casa victoriana, que debería tener mucho mantenimiento. Que lástima. A veces estos lugares deben hacer un alto en el camino y re plantearse estrategias para retomar la calidad de antaño. Por ahora, no lo recomiendo!",25-enero-2017,2
g309293-d4156901,Casa Pasta,2.5,Italiana,"Tibas, San José Costa Rica","9.957009,-84.07858","Excelente precio, menú variado y en un ambiente tranquilo Ubicación cómoda y amplio parqueoDelicioso la pasta al ajiolio",18-octubre-2016,3
g309293-d4156901,Casa Pasta,2.5,Italiana,"Tibas, San José Costa Rica","9.957009,-84.07858","La comida es buena, el servicio es lento se puede mejorar. Cuando fuimos había un descuento con credomatic, creo que los precios están un poco altos mi novia se tomó una crema de tomate y yo me pedi un steak. El lugar tiene buena ubicación y parqueo, el lugar es amplio. Mi recomendación es invertir un poquito en servicio al cliente, hacer una rebaja en los precios, para volver a enamorar a los clientes. ",9-agosto-2016,3
g309293-d4156901,Casa Pasta,2.5,Italiana,"Tibas, San José Costa Rica","9.957009,-84.07858",Pasamos 2 compañeras de trabajo y yo... no se lo recomiendo a nadie... 1 sólo salonero sin experiencia... pésima atención tuvimos que llamarlo 5 veces.casi gritándole.. muy extraño xq habíamos sólo 2 mesas... cada vez q necesitabamos algo.. nunca nos ofreció nada ... la comida es buena no lo niego.. pero para nuestra orden esperamos 50 minutos... comer a la carrera.. mala experiencia.. hace un tiempo era muy bueno.. lastima no haber visto a los antiguos saloneros...yo lo pensaría para volver..xq nada q ver.,11-enero-2016,1
g309293-d4156901,Casa Pasta,2.5,Italiana,"Tibas, San José Costa Rica","9.957009,-84.07858","Visite Casa Pasta en Noviembre del 2015 e horas de la noche. Ese día quería comer en algún lugar de precio intermedio o bajo y que la comida fuera relativamente rápida dado que fue un día largo de trabajo. Cuando iba pasando frente al restaurante vi la manta que publicita “Siga Disfrutando del 20% de Descuento” y pensé que sería una buena opción tomando en cuenta el descuento. La atención de los meseros fue deficiente pero justificable dado que eran únicamente dos personas atendiendo todo el local que estaba a mediana capacidad. La música un poco alta aunque normal… Las sillas y mesas en orden, intensidad de luz ok, en general, un ambiente sencillo pero bueno.Ordenamos una fetuccini al olio y una lasaña de carne que estuvieron normales (ni buenos ni malos), básicamente lo que esperábamos… mismos que tardaron 25 min en llegar, digamos que un tiempo un poco pasado pero “razonable” considerando la cantidad de personas. A la hora de pagar es donde empezó el problema, la cuenta no incluía el ‘descuento’ del 20% que se ofrecía en la publicidad. Razón por la que le hice la observación al mesero quien se disculpó y me dijo que no era la primera persona que le reclamaba sobre eso mismo pero que no había dicho descuento dado que era una promoción vieja… Mi disgusto no tardó en llegar obviamente dado que si es una promoción vieja, no se debería de tener la publicidad. Procedí a hacer el reclamo con la 'administradora' del local quien se limitó a decirme que era una pena pero que no podía hacer nada y que la manta estaba ahí pero que se especificaba que “aplicaban restricciones” y que ya la promoción había vencido. Mi reclamo inmediato fue que no indicaba fechas por lo que el argumento no era válido. No hay que ser muy inteligente para darse cuenta que esto es claramente publicidad engañosa lo cual le hice saber pero su respuesta seca y desinteresada fue que iban a quitar la manta en los “próximos días”, evidentemente esto NO resolvía mi problema y aunque tuve que inclusive darle sugerencias de cómo resolver mi problema paralelamente al descuento que ofertan, no hubo forma alguna de que la inoperante administradora del local diera una sola muestra de buen servicio al cliente… ¡un espantoso de trato, razonamiento y desinterés!De manera respetuosa le dije a la 'administradora' de Casa Pasta que mi experiencia había sido muy pobre y me sentía engañado, solo se limitó a responderme “que pena”. Seguidamente le pedí el nombre a la administradora quien dudando me dijo “Karen”… A la salida, cruce el camino con un mesero y le pregunte el nombre de esta señora y me dijo que era “Karla Rodríguez”, ¿escuché mal? NO, mi pareja escuchó que igualmente nos había dado otro nombre ni sé para qué, realmente es una actitud infantil. A la salida tomé la foto que adjunto… y para el record, hace una semana pase frente al local nuevamente (mitad de Diciembre) y la manta aún se mantiene en su lugar. ¡Increíble! Ni siquiera su palabra, su compromiso de quitar la publicidad fue honrado. Este es un lugar realmente no es digno de su paladar, dinero y mucho menos tiempo. PD: ahh y para rematar, un resto de comida que nos queriamos llevar nos lo dieron en un estereofon de comida rapida metido en una bolsa de basura blanca grande..",29-diciembre-2015,1
g309293-d4156901,Casa Pasta,2.5,Italiana,"Tibas, San José Costa Rica","9.957009,-84.07858","El restaurante tiene un ambiente común, nada sobresaliente. Tuvimos la suerte de estar básicamente solos en el restaurante, lo cual fue muy bueno ya que eramos un grupo de 10 personas, la atención fue buena ya que una persona se dedico a atendernos solo a nosotros. En cuanto a la comida, es de buen sabor y bonita presentación, pero la relación costo-calidad no me terminó de convencer. Recomiendo la sangría del lugar.",1-septiembre-2015,3
g309293-d4156901,Casa Pasta,2.5,Italiana,"Tibas, San José Costa Rica","9.957009,-84.07858","El lugar es muy lindo, la pasta deliciosa pero pésima atención. Tardaron bastante en servir lo que habíamos ordenado.",3-agosto-2015,3
g309293-d4156901,Casa Pasta,2.5,Italiana,"Tibas, San José Costa Rica","9.957009,-84.07858","El viernes visité el restaurante y es de primera entrada te recibe un cálido ambiente estilo japonés por la parte trasera, ya en la casa hecha restaurante (que a mi criterio hicieron un buen esfuerzo) la calidez de mantiene en cada rincón.El menú es sobrio y variado, y como siempre me pedí un salmón a la parrilla para degustar mi paladar.Salud",12-junio-2015,4
g309293-d4156901,Casa Pasta,2.5,Italiana,"Tibas, San José Costa Rica","9.957009,-84.07858","Pésimo lugar, en un lugar con mínimo mantenimiento, y los meseros brindan un trato mediocre, cero atención al público, y la comida es de OLVIDAR, lo que no justifica sus altos precios.",7-junio-2015,1
g309293-d4156901,Casa Pasta,2.5,Italiana,"Tibas, San José Costa Rica","9.957009,-84.07858","Sí creo que es el mejor restaurante de Tibás, este, y la soda Tikal, en fin, por lo demás el lugar es muy atractivo, diversos espacios, la casa es antigua y hermosa, pisos de madera, tiene parqueo, cuenta con un patio el cual es romántico, el lugar en general es optimo para ir acompañado, es un lugar que nunca me ha quedado mal en su cocina, es de hecho muy bueno, siempre sirven con rapidez, y siempre es delicioso, variedad de vinos, como dije, la mejor opción en Tibás, y muy buena opción italiana.Aparte quémás pedir, todos los Sábados tienen música en vivo, y buena música, quiero decir jazz, saxofones, guitarras acústicas, bien por el lugar que se esfuerza en ello, y no como muchos que la experiencia no es nada.",9-abril-2015,5
g309293-d4156901,Casa Pasta,2.5,Italiana,"Tibas, San José Costa Rica","9.957009,-84.07858","El PEOR trato recibido en un restaurante, creo que ni en una SODA de MERCADO hubiese recibido un trato similar, hace algún tiempo visite el restaurante con el presidente de la compañía para la cual laboraba en ese entonces , ese día la noche fue genial, buen ambiente, un muy buen servicio y lo mejor la comida, me imagino que el trato fue porque el Sr Ronald Jimenez es cliente frecuente de ustedes,por tal motivo decidí pasar el día de los enamorados en compañía de mi novia en su restaurante, llame para reservar con una semana de anticipación para evitar inconveniente alguno, el caballero que me contesto la llamada me dijo que la encargada de las reservaciones no se encontraba que llamara luego, llame la ''Señora'' que contesto me pidió mis datos y me dijo que me devolverían la llamada...Un día después de mi llamada no había recibido respuesta de parte de la''dama'' por lo que para prevenir quedarme sin otro lugar opte por llamar , me contesto un caballero, le explique lo sucedido y pregunte si tenia o no la reservacion, todo con el fin poder buscar otro lugar en caso de no tener campo, el caballero muy gentil me pidió mis datos, día de reservacion y me confirmo la reservacion...el día 14 llegue al restaurante a la hora de la reservacion ,entramos por la puerta principal y al entrar la ''Señora'' encargada de recibir a los clientes prácticamente nos ignoro, ante tal situación le dije a uno de los meseros que tenia una reservacion y el muy educadamente me dijo que era con la ''dama'', fui donde estaba y le dije buenas tengo una reservacion y me dice de mal modo Su nombre, le doy mis datos y me dice, no aparece en lista...yo sorprendido le digo, disculpe yo llame e hice la reservacion y me dice de muy mala manera, si la hubiera hecho estuviera en la lista, le dije señora yo llame y uno de sus empleados me hizo la reservacion, me dijo: imposible tengo 2 años de manejar Mi restaurante y se como hacerlo y ellos jamas harían algo así, por lo cual me sentí sumamente ofendido porque aparte de la mala bienvenida la señora me estaba tratando de mentiroso, luego de decirme eso tuvo el descaro de decirme que esperara ahí a ver que...obviamente no espere y de forma educada me retire sumamente ofendido y molesto, por lo cual le recomiendo al dueño del restaurante mandar a la señora a un curso de atención al cliente, ya que la dama no sabe ni lo básico, No sabe dar ni una bienvenida y hasta trata a los clientes de mentirosos... me imagino que la dama tiene ya sus clientes y esperaba hasta ultimo momento la llamada de alguno para reservar ,por lo cual al llamar con tiempo de anticipación uno tenia que esperar deberían de hacerlo un club exclusivo así clientes nuevos no van a perder su tiempo intentando reservar..",16-febrero-2015,1
g309293-d4156901,Casa Pasta,2.5,Italiana,"Tibas, San José Costa Rica","9.957009,-84.07858","La pasta mal cocida el sabor regular y la atención fue regular pues no existio una actitud coherente entre lo ofrecido y el servicio prestado, además no respetan los convenios que mantienen con bancos en cuanto a promociones.",10-febrero-2015,2
g309293-d4156901,Casa Pasta,2.5,Italiana,"Tibas, San José Costa Rica","9.957009,-84.07858","Visitamos Casa Pasta para pasar un momento agradable y como siempre, así fue La comida extraordinariamente deliciosa, degustamos un fabuloso carpaccio de lomo, una poza cuatro estaciones y un fetuccini pasta fresca al pesto y camarones. Todo acompañado por una refrescante y deliciosa sangría española. De postre un fabuloso saquito casa pasta, impresionante para la vista, pero aun más para el gusto. El servicio, impecable, exquisito. Es una experiencia a nivel mundial, muy placentera.",23-enero-2015,5
g309293-d4156901,Casa Pasta,2.5,Italiana,"Tibas, San José Costa Rica","9.957009,-84.07858","El restaurante es ordenado y limpio, la comida no estuvo mal especialmente la pizza que pedí. Viendo los platos del resto de acompañantes, se ve que sirven prociones adecuadas. Los precios me parecen normales a muchos otros lugares que he visitado para el tipo de restaurante que es. El servicio si fue lento a pesar de que casi no había personas en el restaurante, se debería prestar atención a éste detalle. La atención del mesero fue atenta, creo que un poco más de la cuenta, pero es mejor eso que un mal trato.",13-octubre-2014,4
g309293-d4156901,Casa Pasta,2.5,Italiana,"Tibas, San José Costa Rica","9.957009,-84.07858","Veo que son muchos los que se han quejado y con justa razón. Priemro, duran horas en servir, segundo, la comida que sirven no tiene nada de especial (cualquier hace algo mejor en casa), tercero, esí carsimo, y cuarto, los que trabajan ahí no conocen el significado de cortesía. Si tienen hambre hasta McDonalds es mejor. Casta Pasta es un fraude.",17-septiembre-2014,1
g309293-d4156901,Casa Pasta,2.5,Italiana,"Tibas, San José Costa Rica","9.957009,-84.07858","Feliz de recorrer el mundo de la gastronomía dentro y fuera de mi país, me toca reconocer que ha sido la peor experiencia que he sufrido en un restaurante.A la hora de almuerzo un día miércoles tuve la oportunidad de ir a comer a este llamado Restaurante italiano. Solamente eramos tres personas y el recibimiento de parte del mesero fue: ""Esa mesa está ocupada busquen otra"". Si, sin cortecía ni nada por el estilo.La segunta parte no fue para mayor sorpresa, debimos esperar casi 25 minutos por las bebidas, cosa que respeto en algunos lugares pero no uno como éste.La misma experiencia fue similar con los platos fuertes, y aún mas doloroso fue que al ordenar uno de ellos se nos informó que ya no se servía.Por último, ni siquiera pedimos postre por el modo de atención por parte del servicio. Y debo admitir que estuvimos a punto de retirarnos del lugar, la única razón para quedarse fue el hambre que no nos permitió irnos.En fin, una lastimosa experiencia considerando la relación: Calidad/Precio/Servicio.",30-junio-2014,1
g309293-d4156901,Casa Pasta,2.5,Italiana,"Tibas, San José Costa Rica","9.957009,-84.07858",El ambiente es bonito y el restaurante se ve limpio. Perooo....El servicio es deficiente. Hay que pedir las cosas varias veces. Varias cervezas y platos del menu no estaban disponibles. No separan las cuentas de una mesa grande. La pizza margarita no tiene albahaca y el tomate esta crudo. Mi experiencia fue combinación de mala suerte y mal servicio.,29-mayo-2014,2
g309293-d4156901,Casa Pasta,2.5,Italiana,"Tibas, San José Costa Rica","9.957009,-84.07858",En mi visita me toco comer una pasta y una pizza muy buena.La ensalada estaba mala. Pero definitivamente es un restaurante muy caro y el lugar es muy feo.,25-agosto-2013,3
g309293-d4156901,Casa Pasta,2.5,Italiana,"Tibas, San José Costa Rica","9.957009,-84.07858",Ya me ha tocado ir en dos ocasiones por actividades de grupo. El servicio es lento. Una vez nos tocó esperar mas de 40mins. Además es carísimo y la catidad y calidad de la comida no es buena.,3-agosto-2013,1
g309293-d4156901,Casa Pasta,2.5,Italiana,"Tibas, San José Costa Rica","9.957009,-84.07858","Fuimos un domingo almorzar, pedimos una pizza , estaba fría y decía que tenía jamón pero en realidad parecía mortadela o de pollo.Solo uno pidió pasta , e indico que estaba buena, lo malo es que el servicio el mesero parecía un guarda espalda o esta precisado por irse.Cada vez que alguien terminaba de comer le retiraba los platos, el que tenía la pasta no se pudo comer el ultimo bocado; para no cansar con el cuento solo una señora quedo con el plato comiendo y a los 4 personas ya se los recogieron hasta los vasos y botellas.Para mi es una mala cortesía recoger cuando todavía hay alguien comiendo.los precio altos pero de dicen que te hacen un descuento de un 30%",3-julio-2013,1
g309293-d4156901,Casa Pasta,2.5,Italiana,"Tibas, San José Costa Rica","9.957009,-84.07858","Luego de infinitas visitas en restaurantes alrededor del mundo tuvo que ser en mi país donde tuviera la peor, este restaurante Casa Pasta fue una decepción total, para decir que la comida de algunos de los comensales que estabamos a la mesa comenzó a llegar, a pocos, una hora y media después de que nos habían tomado el pedido y que habíamos visto como entraba un carro con suministros por la puerta de atras a todo carrera, luego de un rato más, casi dos horas, el mesero muy tranquilo informó a los que habían ordenado carne que se les había acabado y que escogieran otra cosa del menú, inmediatamente solicitamos la cuenta en la cual venía cobrada la carne! Un desorden total y una velada con la familia totalmente arruinada.",2-mayo-2013,1
g309293-d4156901,Casa Pasta,2.5,Italiana,"Tibas, San José Costa Rica","9.957009,-84.07858","En lugar modesto, con aparcamiento y un área de juegos para los niños en la parte trasera. . Buena comida, excelente servicio de comedor exterior cubierto con comedor en la parte trasera interior disponible cuando llueve. Nuestra favorita es con una salsa blanca farfalla y salmón. También tienen pizza para los niños. Gran lugar para la familia!",21-mayo-2017,5
g309293-d4156901,Casa Pasta,2.5,Italiana,"Tibas, San José Costa Rica","9.957009,-84.07858","Fui con los miembros de la familia un día y yo diría que su comida enlatada todo el camino, y la calidad de la comida era pobre. Yo pagaría tanto para futbolín que puedes comprar en un supermercado en un",7-febrero-2017,1
g309293-d4156901,Casa Pasta,2.5,Italiana,"Tibas, San José Costa Rica","9.957009,-84.07858","El lugar es interesante aunque requiere algunas mejoras.El menú es bueno y HA muchas opciones buenas, pero resulta que no tienen toda la comida que aparece en el menú.Pedimos pasta y fue hecha, que siempre es agradable. Sin embargo, no era nada especial, fue en realidad casi de mediocre y todavía.El precio en sí no es el problema, estaría encantado de pagar los precios de buena comida, es el hecho de que la comida no es muy buena que hace que el precio tal exageración.",31-octubre-2016,2
g309293-d4156901,Casa Pasta,2.5,Italiana,"Tibas, San José Costa Rica","9.957009,-84.07858","Un lugar estupendo para una buena comida y un ambiente agradable. Ubicado en el barrio de San Jose tibas en Costa Rica. Era fácil de encontrar usando los mapas de Google. Entrantes y bebidas a un precio razonable, con una gran selección de ambos. Fue sumamente recomendado y era increíblemente preciso en su examen de la comida y el servicio. Desde este crítico sobresaliente. Pura Vida.",11-septiembre-2016,5
g309293-d4156901,Casa Pasta,2.5,Italiana,"Tibas, San José Costa Rica","9.957009,-84.07858","La comida era buena, en algunos casos, la pasta podrían un poco diferente receta que en otros restaurantes italianos. En general, un alto nivel de calidad con precios moderados restaurante italiano. La única preocupación es la espera ...",11-diciembre-2015,4
g1026585-d13559321,Envueltos Street Food,5.0,"Gastropub, Comida de calle, Latina, Café, Española, Pub, Sudamericana, Costarricense","25 m west of Liceo Mauro Fernade, Tibas 11305 Costa Rica","9.957169,-84.08174","Deliciosa comida, suficiente cantidad, muy buena relación calidad precio. Comida muy bien preparada y con mucha calidad. Muy buen servicio al cliente, agradable lugar. He ido dos veces y volvería",3-junio-2022,5
g1026585-d13559321,Envueltos Street Food,5.0,"Gastropub, Comida de calle, Latina, Café, Española, Pub, Sudamericana, Costarricense","25 m west of Liceo Mauro Fernade, Tibas 11305 Costa Rica","9.957169,-84.08174","Restaurante con muchos atributos, deliciosa comida, servida con excelente trato, con calidad, buen ambiente.  Sirven una deliciosa entrada, el plato fuerte que pedimos tiene variedad de acompañamientos, la cantidad  muy adecuada.No encontré ningún elemento negativo.",3-junio-2022,5
g1026585-d13559321,Envueltos Street Food,5.0,"Gastropub, Comida de calle, Latina, Café, Española, Pub, Sudamericana, Costarricense","25 m west of Liceo Mauro Fernade, Tibas 11305 Costa Rica","9.957169,-84.08174","Me encantaron las opciones del menú que presentan para un almuerzo . Se elige una carne y luego dos acompañamientos, se incluye una entrada y fresco natural por 4100 colones. También tienen platos a la carta.La presentación de los platos te dice lo deliciosos que son.La atención es muy buena y ahora en tiempos de pandemia, cumplen con todos los protocolos. Las mesas están bien distribuidas y ponen a cada persona su poquito de alcohol en gel.Tienen también servicio a domicilio.Lo recomiendo.",18-septiembre-2020,5
g1026585-d13559321,Envueltos Street Food,5.0,"Gastropub, Comida de calle, Latina, Café, Española, Pub, Sudamericana, Costarricense","25 m west of Liceo Mauro Fernade, Tibas 11305 Costa Rica","9.957169,-84.08174","Desde la atención hasta la variedad y el sabor... súper recomendado!!!Green & Bean Salad, de los mejores acompañamientos para una suave y jugosa entraña.",10-enero-2020,5
g1026585-d13559321,Envueltos Street Food,5.0,"Gastropub, Comida de calle, Latina, Café, Española, Pub, Sudamericana, Costarricense","25 m west of Liceo Mauro Fernade, Tibas 11305 Costa Rica","9.957169,-84.08174","Menuda sorpresa a la vuelta de la oficina. Llegamos por invitación de un tercero y ha sido de las mejores recomendaciones que hemos recibido. Un lugar con un toque diferente. De entrada no da muchas pistas de lo que vas a encontrarte pero sin duda la experiencia del servicio por parte de la muchacha del salón así como la calidad de los productos y sabor bien merecen la pena aventurarse. Sin duda no se arrepentirá.Desde esa vez he ido unas 8 veces y casi siempre termino comiendo el mismo plato de carne. Buena porción, sabor muy bueno, suave y al punto. Los acompañamientos también deliciosos aunque me quedo con el arroz verde, la ensalada de aguacate y la de papa. Y los postres, pues que les diré! el pie de limón, las bolitas de arroz con leche tostadas y el brownie están en otro nivel. El que me queda debiendo es el flan de coco, poco sabor en comparación con todo lo dicho.Sin duda este lugar es un imperdible en Tibás.",15-julio-2019,5
g1026585-d13559321,Envueltos Street Food,5.0,"Gastropub, Comida de calle, Latina, Café, Española, Pub, Sudamericana, Costarricense","25 m west of Liceo Mauro Fernade, Tibas 11305 Costa Rica","9.957169,-84.08174",Simplemente excelente sabor excelente precio Lo mejor de Tibas sin duda! Yo diría que lo mejor de San Jose,12-julio-2019,5
g1026585-d13559321,Envueltos Street Food,5.0,"Gastropub, Comida de calle, Latina, Café, Española, Pub, Sudamericana, Costarricense","25 m west of Liceo Mauro Fernade, Tibas 11305 Costa Rica","9.957169,-84.08174","Un lugar escondido en el centro de Tibás, un lugar excelente para comer y pasarla bien, comida de autor... muy buenos precios",2-julio-2019,5
g1026585-d13559321,Envueltos Street Food,5.0,"Gastropub, Comida de calle, Latina, Café, Española, Pub, Sudamericana, Costarricense","25 m west of Liceo Mauro Fernade, Tibas 11305 Costa Rica","9.957169,-84.08174","La comida es deliciosa, y el lugar bonito, el problema es la ubicación, pero con tal de comer rico, lo vale. Muy recomendado.",4-junio-2019,4
g1026585-d13559321,Envueltos Street Food,5.0,"Gastropub, Comida de calle, Latina, Café, Española, Pub, Sudamericana, Costarricense","25 m west of Liceo Mauro Fernade, Tibas 11305 Costa Rica","9.957169,-84.08174","Fui por un almuerzo y estuvo exquisito! La combinación de sabores, presentación y servicio hacen que este restaurante sea todo un tesoro gastronómico!!! Por el momento tienen solo horario de almuerzo de lunes a sábado pero pronto expandirá a horario nocturno.Los sabores de los platillo bien balanceados para no saturar el paladar y con una elaboración de alta cocina. Ordenamos unas yucas fritas, ensalada, pescado muy fresco marlin, y postre de pie de limón, todo estuvo delicioso.Recomendado para pasar un buen rato con amigos, platillos finamente elaborados, ingredientes locales muy frescos a un precio muy cómodo. ",3-junio-2019,5
g1026585-d13559321,Envueltos Street Food,5.0,"Gastropub, Comida de calle, Latina, Café, Española, Pub, Sudamericana, Costarricense","25 m west of Liceo Mauro Fernade, Tibas 11305 Costa Rica","9.957169,-84.08174",Lindo tesoro gastronómico en Tibas la comida muy delicada y de autor. Un nivel alto definitivamente . Precios accesibles para el nivel de comida Excelente atención,23-abril-2019,5
g1026585-d13559321,Envueltos Street Food,5.0,"Gastropub, Comida de calle, Latina, Café, Española, Pub, Sudamericana, Costarricense","25 m west of Liceo Mauro Fernade, Tibas 11305 Costa Rica","9.957169,-84.08174","En la pobre oferta gastronómica a la que estamos condenados en Tibás, Envueltos es un oasis culinario, aunque algo difícil de encontrar.Ubicado donde menos se espera y al parecer intencionalmente camuflado entre bodegas en cualquier barrio de Tibás, se esconde esta joya de la comida moderna - fusión - criolla.Mi familia y yo nos quedamos con la comida criolla, su principal virtud. Ciertamente sus salsas son exquisitas, pero lo que mejor complementan es el chorizo cuidadosamente seleccionado y preparado. Manuelito se esmera en escogerlo y prepararlo con cariño (eso sí, pidan acompañarlo con tortillas de harina para hacer un buen gallo gourmet de chorizo!).El desayuno es exquisito: pinto con unos huevos fritos preparados de forma especial. Y con chorizo de morirse en una salsa de tamarindo excepcional!Mi esposa y mis hijas prefieren el cuadril, que ciertamente es muy bueno y servido de forma inusual (no esperen un corte típico, sino una forma excepcionalmente eficiente de maximizar la carne...).Envueltos prepara como pocos la comida criolla con un toque moderno y sofisticado, y eso lo hace único. Y el precio más que razonable en un mercado desalmado que en general cobra de forma vulgarmente exagerada. Por eso en mi familia lo tenemos como nuestro lugar preferido en Tibás (extrañando, sin duda, competencia de alto nivel). Además, Manuelito y Paula los atenderán de maravilla en la barra. La comida es tan agradable como ser atendidos por ambos!!Por ahora, están solos en Tibás.",17-marzo-2019,4
g1026585-d13559321,Envueltos Street Food,5.0,"Gastropub, Comida de calle, Latina, Café, Española, Pub, Sudamericana, Costarricense","25 m west of Liceo Mauro Fernade, Tibas 11305 Costa Rica","9.957169,-84.08174","Ambiente perfecto, comida deliciosa y precio apropiado! Ya quiero volver!Comimos pescado y carne de res, muy rico y los acompañamientos muy sabrososTambién comimos postre y también nos sorprendió un delicioso brownie y flan de coco.",25-junio-2018,5
g1026585-d13559321,Envueltos Street Food,5.0,"Gastropub, Comida de calle, Latina, Café, Española, Pub, Sudamericana, Costarricense","25 m west of Liceo Mauro Fernade, Tibas 11305 Costa Rica","9.957169,-84.08174","Servicio rápido, alimentos frescos, excelentes opciones, ambiente tranquilo. Mi lugar especial para celebraciones especiales.",6-abril-2018,5
g1026585-d13559321,Envueltos Street Food,5.0,"Gastropub, Comida de calle, Latina, Café, Española, Pub, Sudamericana, Costarricense","25 m west of Liceo Mauro Fernade, Tibas 11305 Costa Rica","9.957169,-84.08174","Cada plato es servido de una manera especial y con un menú exquisito. Excelentes precios!! Me he propuesto probar cada plato, por lo que llevo tres visitas en dos semanas. La atención es muy buena. Si quieres invitar y sorprender positivamente a alguien, este es el lugar. Recomiendo también los postres!!! Tip: con Waze se puede conducir hasta Envueltos.",5-abril-2018,5
g1026585-d13559321,Envueltos Street Food,5.0,"Gastropub, Comida de calle, Latina, Café, Española, Pub, Sudamericana, Costarricense","25 m west of Liceo Mauro Fernade, Tibas 11305 Costa Rica","9.957169,-84.08174",Rica comida la  presentación de los platos elegante  muy buena atención y ambiente del lugar excelentes precios,5-abril-2018,5
g1026585-d13559321,Envueltos Street Food,5.0,"Gastropub, Comida de calle, Latina, Café, Española, Pub, Sudamericana, Costarricense","25 m west of Liceo Mauro Fernade, Tibas 11305 Costa Rica","9.957169,-84.08174","La comida de un gusto de primera y la presentación de los platos exquisitos y de los precios es de lo mejor, para la calidad y acogedor del lugar no hay comparación",5-abril-2018,5
g1026585-d13559321,Envueltos Street Food,5.0,"Gastropub, Comida de calle, Latina, Café, Española, Pub, Sudamericana, Costarricense","25 m west of Liceo Mauro Fernade, Tibas 11305 Costa Rica","9.957169,-84.08174","Un lugar con un ambiente familiar genial. Un menú súper variado, con una atención súper especial y un sabor delicioso. Los platillos denotan que lo hacen con gusto!",5-abril-2018,5
g1026585-d13559321,Envueltos Street Food,5.0,"Gastropub, Comida de calle, Latina, Café, Española, Pub, Sudamericana, Costarricense","25 m west of Liceo Mauro Fernade, Tibas 11305 Costa Rica","9.957169,-84.08174",Recomendado 100%. La comida es deliciosa y además el servicio es excelente. Es un ambiente acogedor donde te sientes como en casa.,5-abril-2018,5
g1026585-d13559321,Envueltos Street Food,5.0,"Gastropub, Comida de calle, Latina, Café, Española, Pub, Sudamericana, Costarricense","25 m west of Liceo Mauro Fernade, Tibas 11305 Costa Rica","9.957169,-84.08174","Fui con mi familia y la atención es excelente. Deliciosa comida, me encantaron los camarones y el pulpo.",5-abril-2018,5
g1026585-d13559321,Envueltos Street Food,5.0,"Gastropub, Comida de calle, Latina, Café, Española, Pub, Sudamericana, Costarricense","25 m west of Liceo Mauro Fernade, Tibas 11305 Costa Rica","9.957169,-84.08174","Excelente lugar, muy buena comida, céntrico fácil de parquear, limpio y buena atención lo recomiendo",4-abril-2018,5
g1026585-d13559321,Envueltos Street Food,5.0,"Gastropub, Comida de calle, Latina, Café, Española, Pub, Sudamericana, Costarricense","25 m west of Liceo Mauro Fernade, Tibas 11305 Costa Rica","9.957169,-84.08174","El servicio muy bueno. El ambiente muy agradable y tranquilo y me gustó mucho la decoración, por fuera engaña y al entrar es muy lindo. Lo más importante... la comida... excelente y los precios muy accesibles. Lo recomiendo para todos los gustos. solo deben tomar en cuenta que no abre domingos y que el resto de la semana cierran relativamente temprano, así que queda perfecto para ir a almorzar.",5-marzo-2018,5
g1026585-d15153546,Caribbean Delights,5.0,Caribeña,"Avenue 55, Tibas Costa Rica","9.958662,-84.07809","Visite el restaurante ubicado en Alajuela , excelente atención de parte de sus dos colaboradoras del restaurante, tiene un excelente  ubicación , el riceandbeans  es exquisito, es una  muy buena relación precio - calidad, suoer recomendados.",23-abril-2022,5
g1026585-d15153546,Caribbean Delights,5.0,Caribeña,"Avenue 55, Tibas Costa Rica","9.958662,-84.07809","La zona de Tibás está creciendo en servicios y gastronomía. Se han remodelado sus antiguos centros comerciales, como el que aloja a Caribbean Delights (Centro Comercial Plaza del Valle, local #2). El restaurante es pequeño, cuatro mesas adentro y dos afuera. Tiene todo el sabor de la cocina tradicional del caribe costarricense. Los platos son abundantes y deliciosos. Además del tradicional rice and beans que puede acompañarse de costilla, pollo o pescado, venden patacones, pati y plantintá (hoy aprendí que el nombre viene de ‘plantain tart’). Volvería.",17-octubre-2019,5
g1026585-d15153546,Caribbean Delights,5.0,Caribeña,"Avenue 55, Tibas Costa Rica","9.958662,-84.07809","Bueno, bonito, barato. Comida caribeña muy buena con excelente servicio y buenos precios. Es un lugar diferente que ofrece algo un ambiente tranquilo y agradable. Su cuchara tiene el legítimo sazón caribeño y difícilmente va a traicionar un buen antojo!",13-julio-2019,5
g309293-d16659088,Pupuseria Mayra,4.5,"Salvadoreña, Sudamericana","Calle 2, Av. 55, San Juan, Tibás Tibás, Heredia,, San José 11301 Costa Rica","9.958899,-84.07917","Mayra’s es un lugar indeterminado por el consumidor, no aparece en ninguna revista ni en ninguna publicidad. No obstante es un “street food” con forma de soda (comida preparada al instante sin mucha formalidad) que produce comida deliciosa, fresca, gustosa y excelente valor. Los tacos ticos y pupusas, resbaladera, horchata, etc .. digno de volver y disfrutar.",11-febrero-2020,4
g309293-d16659088,Pupuseria Mayra,4.5,"Salvadoreña, Sudamericana","Calle 2, Av. 55, San Juan, Tibás Tibás, Heredia,, San José 11301 Costa Rica","9.958899,-84.07917",Comida salvadoreña exquisita. La enchilada salvadoreña y las pupusas buenísimas. Las bebidas  como allá mismo. la atencion fue inmejorable.,25-julio-2019,5
g309293-d16659088,Pupuseria Mayra,4.5,"Salvadoreña, Sudamericana","Calle 2, Av. 55, San Juan, Tibás Tibás, Heredia,, San José 11301 Costa Rica","9.958899,-84.07917","Para comer o llevar. Muy buena atención, lindo y acogedor lugar y las pupusas son deliciosas. Recomiendo la mixta para carnívoros o la de frijol con queso si prefieren no comer cerdo. De esos lugares a los que uno desea regresar.",23-mayo-2019,5
g1026585-d13140057,Canton Restaurante,3.5,"China, Asiática, Comida rápida","Mts sur de la Iglesia de Tibas 75, Tibas 11302 Costa Rica","9.9619,-84.07798",Que decepcion pedi un arroz con camarones y literalmentebme salieron 7 camarones del tamaño de una moneda de 10 colones y pago 6 mil colones,11-febrero-2022,1
g1026585-d13140057,Canton Restaurante,3.5,"China, Asiática, Comida rápida","Mts sur de la Iglesia de Tibas 75, Tibas 11302 Costa Rica","9.9619,-84.07798","Excelentes opciones, comida estilo gringo, muchas variedades y las salsas muy buenas, la atención es buena porque la interacción es mínima con el personal por el Covid.",4-julio-2021,5
g1026585-d13140057,Canton Restaurante,3.5,"China, Asiática, Comida rápida","Mts sur de la Iglesia de Tibas 75, Tibas 11302 Costa Rica","9.9619,-84.07798","Con recién apertura, en Plaza Real Alajuela, comida china sin mucha novedad. Lo malo es que perdimos Arroz cantones Primiun para llevar y la sorpresa es que no tenía ni un solo camarón. El precio es alto y no cumple con lo que ofrecen en la fotografía del menú. O sea publicidad engañosa.",22-enero-2021,2
g1026585-d13140057,Canton Restaurante,3.5,"China, Asiática, Comida rápida","Mts sur de la Iglesia de Tibas 75, Tibas 11302 Costa Rica","9.9619,-84.07798","Nos gusta mucho ir a este restaurante, ofrece variedad de platillos, costos, es muy rico y aseado...",6-marzo-2020,5
g1026585-d13140057,Canton Restaurante,3.5,"China, Asiática, Comida rápida","Mts sur de la Iglesia de Tibas 75, Tibas 11302 Costa Rica","9.9619,-84.07798","comida horrible ..he comido platos asiaticos y el sabor no tiene nada que ver, los precios son altos.el lugar como tal para ir a una buena cena es deplorable",5-febrero-2020,1
g1026585-d13140057,Canton Restaurante,3.5,"China, Asiática, Comida rápida","Mts sur de la Iglesia de Tibas 75, Tibas 11302 Costa Rica","9.9619,-84.07798","A mí en lo personal la comida de cantón si me agrado , y por segunda vez fui el viernes pasado a plaza itzkatzu con un amigo. Fui en bicicleta confiado que iba a un restaurante con una ubicación privilegiada dónde la inclusión no sería problema. Sin ver espacios para bicicletas dejamos las nuestra en uno de los espacio para carros nadie de seguridad vino a darnos indicación contraria u orientación. Estuvimos esperando los 30min usual para que nos sirvieran la.comida y ya cuando comíamos vino un guarda de seguridad al restaurante prácticamente a sacarnos. Yo muy tranquilamente le externa al sr que él tenía toda la razón pero que cuando yo terminaba de comer con gusto me.encargaba de mover las bicicletas y no ahorita en media comida. El sr de seguridad intento intimidar levantando su voz en medio restaurante amenazando q iba a tener que pagar si habría un daño a un carro y eso causo que todo el restaurante se nos quedará mirando . Ese trato no me lo esperaba a no ser que estuviera en el chino de un barrio llame al ""gerente"" que parecía ser un cocinero más le expliqué la situación y no pareció importarle ni disculparse (aún cuando seguridad es un servicio sub contratado). Intente conversar con Owen [ ] luego por para explicar tranquilamente lo sucedido pero nadie mostró interés. Un poco más.de sensibilidad y servicio al cliente hubiese estado a la altura de una marca que busca posicionar de forma exclusiva. Lastima tanta inversión de ellos si no se cubren en los detalles.",22-diciembre-2019,1
g1026585-d13140057,Canton Restaurante,3.5,"China, Asiática, Comida rápida","Mts sur de la Iglesia de Tibas 75, Tibas 11302 Costa Rica","9.9619,-84.07798","Sabores tradicionales de la región de Cantón,  populares y sin complicaciones. Sus envases para llevar la comida hace la diferencia.",24-noviembre-2019,4
g1026585-d13140057,Canton Restaurante,3.5,"China, Asiática, Comida rápida","Mts sur de la Iglesia de Tibas 75, Tibas 11302 Costa Rica","9.9619,-84.07798","muy rico solo que deben dar un poco más o cobrar un poco menos, ya que es muy bueno pero no me parece un precio justo por la cantidad de comida servida.",5-noviembre-2019,4
g1026585-d13140057,Canton Restaurante,3.5,"China, Asiática, Comida rápida","Mts sur de la Iglesia de Tibas 75, Tibas 11302 Costa Rica","9.9619,-84.07798",Una sorpresa agradable. Un sitio diferente con un ambiente abierto y un menú de comida china que cubre los principales platillos que uno espera de esa cultura. Muy buen sabor y excelentes precios.,4-septiembre-2019,4
g1026585-d13140057,Canton Restaurante,3.5,"China, Asiática, Comida rápida","Mts sur de la Iglesia de Tibas 75, Tibas 11302 Costa Rica","9.9619,-84.07798",La comida tiene un buen gusto con combinaciónes interesantes. Algo caro además de que sus Instalaciones son algo incomodas. No obstante en el calificativo general pasa la prueba,4-junio-2019,4
g1026585-d13140057,Canton Restaurante,3.5,"China, Asiática, Comida rápida","Mts sur de la Iglesia de Tibas 75, Tibas 11302 Costa Rica","9.9619,-84.07798",Tuve muchas espectativas. Pero no cumplio. Pedi un chow mein y era solo caldo. Los wantan o como se llamen las tiritas de masa estaban feas. Sabian a aceite requemado. El precio caro para algo que te venden mucho mas barato en otros chinos.,4-junio-2019,2
g1026585-d13140057,Canton Restaurante,3.5,"China, Asiática, Comida rápida","Mts sur de la Iglesia de Tibas 75, Tibas 11302 Costa Rica","9.9619,-84.07798","El lugar es agradable y los colaboradores se esfuerzan por presentar las mejores opciones del restaurante. Sin embargo, el sabor de la comida es muy normal al de cualquier restaurante ""Chino"". Nada extraordinario, muy lento y me parece caro para las porciones ofrecidas.",12-mayo-2019,2
g1026585-d13140057,Canton Restaurante,3.5,"China, Asiática, Comida rápida","Mts sur de la Iglesia de Tibas 75, Tibas 11302 Costa Rica","9.9619,-84.07798","Bastante bueno. Talvez no sea el mejor restaurante de comida china, pero es bastante rico y sus presentaciones son muy agradables.",7-mayo-2019,4
g1026585-d13140057,Canton Restaurante,3.5,"China, Asiática, Comida rápida","Mts sur de la Iglesia de Tibas 75, Tibas 11302 Costa Rica","9.9619,-84.07798","El domingo 24 de febrero a las 8 p.m. no tenían ningún plato con pollo...entonces les faltaba la mitad del menú.Ya que había decidido ir desde Coronado, pedí arroz cantonés y chop suey en salsa; estuvo rico pero no estaba excepcional para justificar que por la cantidad que en un restaurante chino regular es un medio, en este restaurante lo consideran el tamaño grande. El cantonés estaba escaso de carnes, pro arrocito y vegetales; el chop suey estaba mejor. También probé una orden de rollitos primavera, son pequeñitos y traía 5.Tardan alrededor de 25 minutos entregando la orden, el lugar se ve limpio y se puede observar mientras alistan los pedidos.No se si regresaría.",25-febrero-2019,3
g1026585-d13140057,Canton Restaurante,3.5,"China, Asiática, Comida rápida","Mts sur de la Iglesia de Tibas 75, Tibas 11302 Costa Rica","9.9619,-84.07798","Me pareció un poco caro. La comida es buena pero no tiene buena relación con el costo. Esperamos alrededor de 25 minutes for la comida, pesto es uni eternidad en un lugar de comida rápida.",12-febrero-2019,3
g1026585-d13140057,Canton Restaurante,3.5,"China, Asiática, Comida rápida","Mts sur de la Iglesia de Tibas 75, Tibas 11302 Costa Rica","9.9619,-84.07798",Buena comida a bajo precio con gran variedad. Lugar limpio y con buen ambiente.En el centro de Tibás muy cerca de todo,12-febrero-2019,4
g1026585-d13140057,Canton Restaurante,3.5,"China, Asiática, Comida rápida","Mts sur de la Iglesia de Tibas 75, Tibas 11302 Costa Rica","9.9619,-84.07798","La comida es bastante mala, creo que cualquiera otro restaurante Chino lo supera en calidad, el restaurante si es bonito y el servicio bueno, pero la calidad no.",15-enero-2019,2
g1026585-d13140057,Canton Restaurante,3.5,"China, Asiática, Comida rápida","Mts sur de la Iglesia de Tibas 75, Tibas 11302 Costa Rica","9.9619,-84.07798","Decidimos ir varios amigos a este restaurante que ya nos habían recomendado y decidimos aventurarnos a visitarlo, me gusto mucho la decoración del lugar no es nada formal es totalmente casual y su menú variado, tal vez tendrás que esperar un poco para que tu comida esté lista pero te aseguro que la espera es bien recompensada... un punto negativo es que casi no hay espacio para parqueo, pero al frente hay uno público donde podes dejar tu vehículo. La comida es muy buena con sabores y fusiones muy ricas les recomiendo pedir varios platos y compartir con Los miembros de la mesa un lugar muy acogedor y de buena comida.",11-noviembre-2018,5
g1026585-d13140057,Canton Restaurante,3.5,"China, Asiática, Comida rápida","Mts sur de la Iglesia de Tibas 75, Tibas 11302 Costa Rica","9.9619,-84.07798","No poseen opciones para adultos mayores que no saben usar palillos para comer, y pésima solución al problema.",28-octubre-2018,1
g1026585-d13140057,Canton Restaurante,3.5,"China, Asiática, Comida rápida","Mts sur de la Iglesia de Tibas 75, Tibas 11302 Costa Rica","9.9619,-84.07798","Es una excelente opción de la gastronomía Oriental Fusión, la preparación de los alimentos se puede apreciar por medio de un vidrio y es un buen espectáculo; el sabor brinda una experiencia especial y el ambiente es muy confortable.",2-octubre-2018,4
g1026585-d13140057,Canton Restaurante,3.5,"China, Asiática, Comida rápida","Mts sur de la Iglesia de Tibas 75, Tibas 11302 Costa Rica","9.9619,-84.07798","He tenido la oportunidad de ir al restaurante Cantón un par de veces, de las cuales rescato la opinión que paso a externar a continuación:Primero lo bueno: La comida es preparada frente al cliente, por lo cual es posible determinar aspectos tales como aseo, ingredientes, técnica, entre otros. En ese sentido, se nota el uso reiterado de condimentos artificiales y resaltadores de sabor, lo cual, dista mucho de ser comida artesanal y saludable. En cuanto al aspecto físico e infraestructura, las instalaciones son muy cómodas y agradables, con detalles en madera y luces acogedoras, está ubicado muy céntrico, cerca de la iglesia católica de Tibás, lo cual lo hace muy accesible. Ahora sí, vamos a lo que importa: el precio resulta ser medio, en cuanto a comida asiática se refiere, sin embargo, la comida a mi parecer resulta ser decepcionante. Rollitos primavera, que no lo son en realidad, sino son simples y sencillos tacos chinos, carentes de sabor y llenísimo de grasa, arroz chino sin sazón, con mínimo de carne y vegetales, pollos llenos de empanizados, pero pobre en contenido de proteína y con sabor muy artificial, dista mucho de lo que se logra apreciar en las fotos de menú. La primera vez no pasó de ser una experiencia culinaria regular, pero ya en la segunda visita la cosa cambió: el peor Chow Mein de mi vida, y creánme que probado muchos. Un caldo color negro azabache, solo caldo de agua, salsa china oscura y ajinomoto, con poquísimas verduras flotantes y nula cantidad de cualquier tipo de carne. Me sentí en la pobreza absoluta, casi $8 por un caldo artificial, carente de sabor, realmente, una decepción. Las salsas agridulces con sabor completa y absolutamente artificial y peor aún, estando a restaurante vacío, un tiempo de espera que ronda los 30 minutos, más allá de lo razonable. Atención de personal poco amigable y distraída. En fin, muy bonitas instalaciones, pero NO LO RECOMIENDO y en definitiva, NO VOLVERÉ!!.",1-octubre-2018,2
g1026585-d13140057,Canton Restaurante,3.5,"China, Asiática, Comida rápida","Mts sur de la Iglesia de Tibas 75, Tibas 11302 Costa Rica","9.9619,-84.07798","Es una buena opción de comida rápida, cocinan a la vista del cliente y las porciones son buenas en relación al precio. Chop Suei en salsa muy bueno, pollo al Limón un poco pasado de dulce, wantan frito súper bueno. Las instalaciones limpias y la chica en la caja fue muy amable y paciente. ",2-septiembre-2018,4
g1026585-d13140057,Canton Restaurante,3.5,"China, Asiática, Comida rápida","Mts sur de la Iglesia de Tibas 75, Tibas 11302 Costa Rica","9.9619,-84.07798","Es un restaurante que ofrece un menu variado y a precios moderados. Donde su mayor novedad es ofrece la comida en cajitas como en las series de televisión gringas. Con respecto a la comidad se puede decir que esta buena, acorde a su precio.",20-agosto-2018,4
g1026585-d13140057,Canton Restaurante,3.5,"China, Asiática, Comida rápida","Mts sur de la Iglesia de Tibas 75, Tibas 11302 Costa Rica","9.9619,-84.07798","Un sitio bonito y diferente, sin embargo el sabor del arroz cantones es muy seco ! El Mongolian beef tiene buen sabor pero la mitad de la cajita es arroz ( no me lo esperaba ).",18-agosto-2018,3
g1026585-d13140057,Canton Restaurante,3.5,"China, Asiática, Comida rápida","Mts sur de la Iglesia de Tibas 75, Tibas 11302 Costa Rica","9.9619,-84.07798","Aunque cuenta con un menú atractivo y apetitoso a la vista, sus sabores están lejos de lo que debería ser. La intención es buena, pero el resultado necesita aún mucha mejora. Consejo, si se pide una carne, y anuncian ese tipo de platillo, no llenen la mitad de la cajita con noodles, que eso no es lo que ese pide ni anuncia. El precio no vale el producto.",12-agosto-2018,2
g1026585-d13140057,Canton Restaurante,3.5,"China, Asiática, Comida rápida","Mts sur de la Iglesia de Tibas 75, Tibas 11302 Costa Rica","9.9619,-84.07798","Fin de semana con ganas de comer chino, vi la publicidad en fb, y con ganas de pedir algo diferente a lo mismo de siempre, pedimos Cantón, ya que al ir al restaurante estaba tan lleno que la única opción era el express, la presentación es bonita en cajas de take out chino, la comida buena , pero chop suey raro, buen pollo agridulce y buenos tacos chinos, el arroz regular, si volveremos! ",6-agosto-2018,3
g1026585-d13140057,Canton Restaurante,3.5,"China, Asiática, Comida rápida","Mts sur de la Iglesia de Tibas 75, Tibas 11302 Costa Rica","9.9619,-84.07798","Las expectativas que tuve al leer el reportaje periodístico se acortaron: me pareció un lugar común en cuanto a sabor. Lo bueno sí, es comer en cajas de cartón y ver los chef preparando la comida; se siente una en ambiente.",31-julio-2018,3
g1026585-d13140057,Canton Restaurante,3.5,"China, Asiática, Comida rápida","Mts sur de la Iglesia de Tibas 75, Tibas 11302 Costa Rica","9.9619,-84.07798","Un resataurante con comida ""china"" diferente, innovador. Buen ambiente, buen trato. Los platillos son muy variados.",16-julio-2018,5
g1026585-d13140057,Canton Restaurante,3.5,"China, Asiática, Comida rápida","Mts sur de la Iglesia de Tibas 75, Tibas 11302 Costa Rica","9.9619,-84.07798","Me encantó!!! Primero por las cajitas en las que sirven la comida para llevar que son literalmente como en las películas! y la gran variedad del menú y el sabor es delicioso, de ahora en adelante mi lugar preferido de comida china. El pollo en miel es de muerte lenta!!!",9-julio-2018,5
g1026585-d13140057,Canton Restaurante,3.5,"China, Asiática, Comida rápida","Mts sur de la Iglesia de Tibas 75, Tibas 11302 Costa Rica","9.9619,-84.07798","Bonita presentación del lugar, limpio, comida china....nada extraordinario, me parece un poco caro pero nada del otro mundo",18-junio-2018,4
g1026585-d13140057,Canton Restaurante,3.5,"China, Asiática, Comida rápida","Mts sur de la Iglesia de Tibas 75, Tibas 11302 Costa Rica","9.9619,-84.07798","Nunca he ido al de Escazú, pero el de Tibás es muy bueno y sabroso, dan muy buena cantidad y considero que el precio está bastante bien. El mayor problema es topar con suerte para parquear ya que con el cambio que se hizo para los autobuses restringe mucho, otra es utilizar el parqueo que está en frente. Cada vez que puedo paso a comer ahí, me gusta mucho.",18-junio-2018,5
g1026585-d13140057,Canton Restaurante,3.5,"China, Asiática, Comida rápida","Mts sur de la Iglesia de Tibas 75, Tibas 11302 Costa Rica","9.9619,-84.07798",El lugar es agradable y tiene una variedad de platos justo para el tipo de lugar. El tiempo de espera es bastante razonable.,18-junio-2018,4
g1026585-d13140057,Canton Restaurante,3.5,"China, Asiática, Comida rápida","Mts sur de la Iglesia de Tibas 75, Tibas 11302 Costa Rica","9.9619,-84.07798","Muy acertado para los que gustamos de sabores orientales, diferente en todo lo que ofrecen y una muy refinada atención e higiene que lo hacen ser una opción para repetir, indiscutiblemente...",2-abril-2018,5
g1026585-d13140057,Canton Restaurante,3.5,"China, Asiática, Comida rápida","Mts sur de la Iglesia de Tibas 75, Tibas 11302 Costa Rica","9.9619,-84.07798",Un restaurante no tradicional chino totalmente diferente a lo que acostumbramos en Costa Rica menú variado presentación muy buena pero el servicio demasiado lento!,23-marzo-2018,4
g1026585-d13140057,Canton Restaurante,3.5,"China, Asiática, Comida rápida","Mts sur de la Iglesia de Tibas 75, Tibas 11302 Costa Rica","9.9619,-84.07798","Muy lindo lugar, cerca del parque de Tibas.Los precios accesibles y la calidad de la comida muy buena en general.",15-marzo-2018,4
g1026585-d13140057,Canton Restaurante,3.5,"China, Asiática, Comida rápida","Mts sur de la Iglesia de Tibas 75, Tibas 11302 Costa Rica","9.9619,-84.07798",Una opcion interesante. Delicioso el sabor y agradable presentacion. El hecho de comerlo en caja lo vuelve una experiencia diferente.,4-marzo-2018,5
g1026585-d13140057,Canton Restaurante,3.5,"China, Asiática, Comida rápida","Mts sur de la Iglesia de Tibas 75, Tibas 11302 Costa Rica","9.9619,-84.07798","Restaurante de comida asiática con un diseño y concepto muy atractivo, con precios accesibles y platos variados, ubicado en el centro de Tibas con gran variedad de platillos Isela para salir en grupo de amigos o en familia. Sin duda disfrutarás de ese momento.",4-marzo-2018,4
g1026585-d13140057,Canton Restaurante,3.5,"China, Asiática, Comida rápida","Mts sur de la Iglesia de Tibas 75, Tibas 11302 Costa Rica","9.9619,-84.07798","Pésimo. Llamé para express y ni tan siquiera contestan. Llamé al de Escazú, hablé con el gerente y me dice que si que ya les han dicho que Tibás no contesta pero que no hay nada que se pueda hacer. Con este tipo de servicio al cliente quién va a querer ir ? Con tan buenas opciones que hay para escoger, el servicio al cliente es clave. Cantón definitivamente debe tener clientes de sobra pese a su pésimo sentido de trato al cliente. ",24-febrero-2018,1
g1026585-d13140057,Canton Restaurante,3.5,"China, Asiática, Comida rápida","Mts sur de la Iglesia de Tibas 75, Tibas 11302 Costa Rica","9.9619,-84.07798","Nos gusto mucho la opción de platos, la presentación en sus cajitas es lindo,Mejor aún los sabores. Un buen almuerzo.",18-noviembre-2017,4
g1026585-d15666401,KFC,2.5,Comida rápida,"75 Metros Este De La Esquina Noreste Del Templo Catolico, Tibas 11302 Costa Rica","9.962556,-84.07704","nos acercamos a KFC porque sabíamos que la comida iba a ser lo que esperábamos, nos apetecía comer algo que no fuera casado ni gallopinto",26-octubre-2021,4
g1026585-d15666401,KFC,2.5,Comida rápida,"75 Metros Este De La Esquina Noreste Del Templo Catolico, Tibas 11302 Costa Rica","9.962556,-84.07704","Tenía años de no visitar KFC y pedi un ejecutivo de 2 piezas creo que era paloma y no pollo, jamás volveré a este lugar a comer pollo frito, muy caro, lo único rescatable su personal",6-noviembre-2019,2
g1026585-d15666401,KFC,2.5,Comida rápida,"75 Metros Este De La Esquina Noreste Del Templo Catolico, Tibas 11302 Costa Rica","9.962556,-84.07704","Visité este lugar con mi familia y el servicio al cliente fue terrible, las papas fritas recibidas no eran frescas y la temperatura de la comida era cálida - fría. Le pedí a un empleado que cambiara mis papas fritas por un producto fresco y ella me dijo que tenía que esperar 2 minutos, cosa que hice, pero después de casi 10 minutos de espera pregunté nuevamente qué había pasado con las papas fritas porque vimos a otros clientes con sus productos completos que incluían papas fritas, y nuestras papas fritas no vinieron, me levanté para preguntar otra vez y luego ella me ignoró, le pedí nuevamente y ella le pidió a otro empleado que me diera las papas fritas, y otra vez él me pidió que esperara a la pareja Minutos y él lo entregará a nuestra mesa, luego de 5 minutos pregunté nuevamente y me dieron las papas fritas de mala manera. Además, cometí un error al pedir otra comida combinada de pollo con palomitas de maíz y el producto no era fresco. Por el precio pagado y el servicio recibido, esta ha sido mi peor experiencia en los restaurantes de comida rápida. Si quiere comer algo, Burger King está al otro lado de la calle y tiene un servicio, precios y productos excepcionales. NO visite este lugar, y no lo recomiende para IR, ya que si tuviéramos esa experiencia para comer dentro, puede adivinar qué recibirá cuando esté lejos de este restaurante, entonces tendría 2 opciones para regresar o continuar conduciendo. .Otro hecho es que una orden de pollo PopCorn es el plato más caro 3. 100 colones (CR dinero ~ $ 5. 1) por ello, en vez de eso, puede cruzar la calle y pedir un combo de Nuggets de pollo con papas fritas y soda en Burger King o MacDonalds por el mismo precio.Otro gran problema es que el baño de mujeres no tenía BLOQUEO, ¿puedes creer? ? ?Como recomendación: NO PIERDAS tu tiempo y dinero, ve a BK o Mac.",31-diciembre-2018,1
g1026585-d9812410,El Muro,4.0,"Bar, Pub","Calle 102 Tibas Plaza, second floor, Tibas Costa Rica","9.96193,-84.06932","Este es un bar de cerveza artesanal, con una excelente comida, ademas preparan el mejor chiliguaro que haya visto, adicionalmente tienen muy buena música y exelente atencion!!",29-enero-2016,5
g1026585-d9812410,El Muro,4.0,"Bar, Pub","Calle 102 Tibas Plaza, second floor, Tibas Costa Rica","9.96193,-84.06932",Detenido en alrededor de las 5:00 p.m. Bonito bar suficiente con dos pantallas mostrando 80 música y cerveza a un precio razonable. A pesar de haber anotado la contraseña de Wifi no funcionaron. Demasiado temprano en el día para comentar más tarde noche pero el ambiente potencial para ser animado estaba allí. Si estaba alojado en el Holiday Inn cruzando la calle sin duda visita aquí.,22-marzo-2017,3
g309293-d1118173,Tumi's House,3.5,"Peruana, Latina, Mariscos, Española, Sudamericana","300 metros Oeste del ICE, San José Costa Rica","9.962003,-84.066185",Pésima atención no volveré nunca. Mala comida no vale lo que cobran. Al reclamar no hubo ninguna acción de parte de la administración.,10-marzo-2019,1
g309293-d1118173,Tumi's House,3.5,"Peruana, Latina, Mariscos, Española, Sudamericana","300 metros Oeste del ICE, San José Costa Rica","9.962003,-84.066185",Un lugar de comida peruana sin el sabor de la verdadera comida peruana y con precios... El promedio de dos personas... Ronda los 45 mil colones y no satisface.... Pésima calidad,23-febrero-2019,1
g309293-d1118173,Tumi's House,3.5,"Peruana, Latina, Mariscos, Española, Sudamericana","300 metros Oeste del ICE, San José Costa Rica","9.962003,-84.066185","Con un menú solido y precios realmente accesibles la virtud de este lugar esta en la calidad de la atención, tenemos unos 7 años de celebrar cumpleaños y fechas especiales allí. Mi unica sugerencia es con respecto al salon del segundo piso(Tumis Tibás) que carece de acceso para silla de ruedas o coches de bebe.",6-noviembre-2018,5
g309293-d1118173,Tumi's House,3.5,"Peruana, Latina, Mariscos, Española, Sudamericana","300 metros Oeste del ICE, San José Costa Rica","9.962003,-84.066185","El servicio no es bueno, la comida no lo que esperabamos.Si vas con alguna promocion te engañan y te cobran impuestos sobre impuestos.No se puede confiar si tienes un presupuesto limitado.",21-septiembre-2018,2
g309293-d1118173,Tumi's House,3.5,"Peruana, Latina, Mariscos, Española, Sudamericana","300 metros Oeste del ICE, San José Costa Rica","9.962003,-84.066185","Restaurante de visita frecuente, este día un día especial de celebración fue un poco diferente por el servicio de Mesa limitado (malo) lo que hace le queden debiendo en servicio al cliente... como soy cliente frecuente les daré otra oportunidad... para mejorar",16-agosto-2018,3
g309293-d1118173,Tumi's House,3.5,"Peruana, Latina, Mariscos, Española, Sudamericana","300 metros Oeste del ICE, San José Costa Rica","9.962003,-84.066185","es un excelente lugar para ir en familia con muy buena musica trova, por un excelente senor, pero lo mejor de todo es la comida es exquisita comida de mariscos y variedad de carnes",13-febrero-2018,4
g309293-d1118173,Tumi's House,3.5,"Peruana, Latina, Mariscos, Española, Sudamericana","300 metros Oeste del ICE, San José Costa Rica","9.962003,-84.066185",Me encanta la comida peruana y este lugar se presta para un buen ceviche peruano. También les recomiendo el lomito a lo macho y el gratinado de Mariscos,22-enero-2018,4
g309293-d1118173,Tumi's House,3.5,"Peruana, Latina, Mariscos, Española, Sudamericana","300 metros Oeste del ICE, San José Costa Rica","9.962003,-84.066185",Trato de ser objetivo y guardar las comparaciones pero en esta ocasión fue decepcionante Si llegas con la expectativa muy alta puedes salir muy molesto. Aunque el servicio se esmera no llega a un alto nivel. La calidad de los platos en relación al precio están muy dispares y no mantiene la calidad.Al final puede que sea una mal experiencia pero no creo que vuelva ,18-junio-2017,2
g309293-d1118173,Tumi's House,3.5,"Peruana, Latina, Mariscos, Española, Sudamericana","300 metros Oeste del ICE, San José Costa Rica","9.962003,-84.066185","Tienen un menú variado, siendo que los mariscos una especialidad de la casa como el pescado Pacífico Sur, recomendado. Al igual que las bebidas como el pisco flawer o la sangría. Los precios son regulares. Un plato puede oscilar entre 5 mil una entrada a 15 mil promedio, excepto los platos para compartir que el precio ronda más allá de los 20 mil colones. El lugar es muy accesible entre Tibás y Moravia, unos 10kilómetros aproximadamente del centro de San José, buen parqueo y atención. Muy buen restaurantes para familias o parejas, con accesos para personas con discapacidad. ",23-mayo-2017,5
g309293-d1118173,Tumi's House,3.5,"Peruana, Latina, Mariscos, Española, Sudamericana","300 metros Oeste del ICE, San José Costa Rica","9.962003,-84.066185","Buena atención, deliciosa comida, platos variados, lugar agradable, limpio, servicio rápido, precios razonables",1-abril-2017,4
g309293-d1118173,Tumi's House,3.5,"Peruana, Latina, Mariscos, Española, Sudamericana","300 metros Oeste del ICE, San José Costa Rica","9.962003,-84.066185","La comida excelente, prove unos pinchos mar y tierra deliciosos, la carne suave y jugosa el sabor muy bueno todo estaba en su punto sazonado sin condimentos artificiales y pescado estaba delicioso también, el ambiente del lugar muy bonito, se pasa un buen rato mientras se disfruta la comida",27-marzo-2017,5
g309293-d1118173,Tumi's House,3.5,"Peruana, Latina, Mariscos, Española, Sudamericana","300 metros Oeste del ICE, San José Costa Rica","9.962003,-84.066185",Fui al restaurante de Escazú. La comida estaba buena pero nada especial (el ceviche no me gusto). El servicio estuvo muy lento ya que solo atendía una persona y era la misma que cobraba en caja. El lugar es un poco cerrado así que se escucha mucho ruido adentro. ,13-marzo-2017,3
g309293-d1118173,Tumi's House,3.5,"Peruana, Latina, Mariscos, Española, Sudamericana","300 metros Oeste del ICE, San José Costa Rica","9.962003,-84.066185","Fuimos en familia al Tumi´s en Tibas el parqueo es incomodo, sin embargo, la comida vale la pena y sus promociones. Les recomiendo el ceviche peruano y los choritos a la chalaca. Uno de nuestros lugares preferidos en comida peruna, la atención es buena así como la limpieza del lugar lo recomiendo.",11-enero-2017,4
g309293-d1118173,Tumi's House,3.5,"Peruana, Latina, Mariscos, Española, Sudamericana","300 metros Oeste del ICE, San José Costa Rica","9.962003,-84.066185","Tumis House de Escazú: Comida regular, y al llegar la cuenta, 7.800 colones por tres Inka Colas de 500 Ml., cuando en un supermercado se consiguen por 800 colones cada una. Un robo descarado, así que evítense una violación monetaria por comida inferior al promedio.",28-agosto-2016,1
g309293-d1118173,Tumi's House,3.5,"Peruana, Latina, Mariscos, Española, Sudamericana","300 metros Oeste del ICE, San José Costa Rica","9.962003,-84.066185","Tuve la oportunidad de visitar el lugar. Mantienen la misma calidad de sus productos y eso garantiza un buen momento. Mejoraría un poco el servicio, inyectando un poco más de pasión a los meseros. Son buenos pero hay que motivarlos más!  Lo recomiendo",4-agosto-2016,3
g309293-d1118173,Tumi's House,3.5,"Peruana, Latina, Mariscos, Española, Sudamericana","300 metros Oeste del ICE, San José Costa Rica","9.962003,-84.066185","Me encantó el plato de ceviche surtido, da la oportunidad de probar diferentes preparaciones de ceviche fresco!",2-agosto-2016,5
g309293-d1118173,Tumi's House,3.5,"Peruana, Latina, Mariscos, Española, Sudamericana","300 metros Oeste del ICE, San José Costa Rica","9.962003,-84.066185","Nos encanta su comida. Tenemos años de visitarlo, pues vivo en este país. Lo visitamos  por lo menos dos veces al mes y su sazón siempre se mantiene por eso somos clientes frecuentes de Tumi´s House.100 recomendado para los amantes de la comida peruana",12-junio-2016,4
g309293-d1118173,Tumi's House,3.5,"Peruana, Latina, Mariscos, Española, Sudamericana","300 metros Oeste del ICE, San José Costa Rica","9.962003,-84.066185","El domingo pasado visitamos por primera y creo que ultima vez el lugar. Primero comentó por la comida: mi plato era un Lomo Salteado, el sabor no era espectacular, le faltaba esa sazón de la comida peruana, el pato de mi esposa; una Corvina a lo Macho totalmente cargada de sal y el sabor de los mariscos era extraño, porqué no reclamamos? Sencillamente porque el servicio fue ineficiente, nunca llegaron a ver cómo estaba todo y al llamar a los meseros no se presentaron. Los refrescos naturales sumamente cargados de azúcar. Los precios? Muy caros para lo que uno recibe, incluso hay que poner atención, porque a pesar de que es obligado el poner los precios con los impuestos incluidos, ellos no incluyen ni el de ventas ni el de servicio, por lo que la factura final se eleva considerablemente. Ya para finalizar, ese día había música en vivo, tan fuerte que no podía conversar tranquilamente con mi familia. Eso y las otras cosas, terminaron de convencerme de que hubiese sido mejor haber ido a otro lugar.",14-mayo-2016,2
g309293-d1118173,Tumi's House,3.5,"Peruana, Latina, Mariscos, Española, Sudamericana","300 metros Oeste del ICE, San José Costa Rica","9.962003,-84.066185","Lugar con una presentación deficiente, es más un restaurante de mariscos que peruana, por lo que se cobra se puede pagar un verdadero restaurante peruano, comida en una porción grande mal presentada.",28-abril-2016,3
g309293-d1118173,Tumi's House,3.5,"Peruana, Latina, Mariscos, Española, Sudamericana","300 metros Oeste del ICE, San José Costa Rica","9.962003,-84.066185","En presentación el lugar me parece más a un restaurante de comida típica en lugar de peruana, para el precio que cobran se puede comer en otros restaurantes donde verdaderamente si se va a probar el exquisito sabor de la comida peruana, grandes porciones pero con un sabor promedio que se consigue en cualquier otro lugar de mariscos, es mejor calidad que cantidad ",28-abril-2016,3
g309293-d1118173,Tumi's House,3.5,"Peruana, Latina, Mariscos, Española, Sudamericana","300 metros Oeste del ICE, San José Costa Rica","9.962003,-84.066185","Fuimos a comer el sábado varios amigos, el restaurante tiene parqueo, pero sinceramente parece una soda, no un restaurante Peruano, la comida mmm buena presentación pero queda debiendo el sabor, me comí una Causa Limeña de camarones de entrada, el sabor muy básico es rico pero no delicioso, y luego comí un arroz chaufa de mariscos, rico pero como el otro platillo muy sencillo de sabor. Buen servicio, creo que es un poco caro para lo que ofrecen.",21-abril-2016,3
g309293-d1118173,Tumi's House,3.5,"Peruana, Latina, Mariscos, Española, Sudamericana","300 metros Oeste del ICE, San José Costa Rica","9.962003,-84.066185","Gustos son gustos, decían que era uno de los buenos pero no fue lo que esperaba, bonita presentación del plato pero el sabor era el de un bistek de un restaurante promedio, lo pedí término medio pero me sirvieron bien cocido....",8-abril-2016,2
g309293-d1118173,Tumi's House,3.5,"Peruana, Latina, Mariscos, Española, Sudamericana","300 metros Oeste del ICE, San José Costa Rica","9.962003,-84.066185",Es un lugar con una comida exquisita a un precio razonable.  Es el restaurante preferido de mi esposa,18-enero-2016,5
g309293-d1118173,Tumi's House,3.5,"Peruana, Latina, Mariscos, Española, Sudamericana","300 metros Oeste del ICE, San José Costa Rica","9.962003,-84.066185","El servicio es muy agradable. Y la comida es sensacional! Todo costarricense amante de los mariscos, debería de conocer este lugar. Exquisito! 👏👏👏",12-enero-2016,5
g309293-d1118173,Tumi's House,3.5,"Peruana, Latina, Mariscos, Española, Sudamericana","300 metros Oeste del ICE, San José Costa Rica","9.962003,-84.066185","El lugar esta muy bonito, la comida es exquisita!! Musica muy tranquila y el servicio muy bueno!! Lo súper recomiendo!",26-noviembre-2015,5
g309293-d1118173,Tumi's House,3.5,"Peruana, Latina, Mariscos, Española, Sudamericana","300 metros Oeste del ICE, San José Costa Rica","9.962003,-84.066185","Buena comida, diferente y servida con buen gusto.Los platos son abundantes así que el precio se justifica.Lo he visitado varias veces, solo una vez me toco un salonero poco amable y un poco amargado, por lo demás todo excelente.",3-noviembre-2015,4
g309293-d1118173,Tumi's House,3.5,"Peruana, Latina, Mariscos, Española, Sudamericana","300 metros Oeste del ICE, San José Costa Rica","9.962003,-84.066185","Los precios son altos y no están acorde con los platillos, que no son malos pero no en relación al precio. Debe calcular mínimo 20$ por persona sin bebida alcohólica.",7-marzo-2015,2
g309293-d1118173,Tumi's House,3.5,"Peruana, Latina, Mariscos, Española, Sudamericana","300 metros Oeste del ICE, San José Costa Rica","9.962003,-84.066185","Verdaderamente es un lugar delicioso. He probado la mayoría de los platos en este restaurante y debo confesar que de la comida peruana que he probado, incluso en el mismo Perú, no ha sido tan sabrosa como esta. Lo recomiendo 100%",23-febrero-2015,5
g309293-d1118173,Tumi's House,3.5,"Peruana, Latina, Mariscos, Española, Sudamericana","300 metros Oeste del ICE, San José Costa Rica","9.962003,-84.066185","Queria compartir mi experiencia en Tumi's House, en Tibas. Siempre me ha gustado mucho la comida peruana por lo que ando en busca de lugares nuevos.El lugar es limpio y tiene buena ubicacion. Pedimos entradas de ceviche mixto y calamar frito, y mi esposo tambien pidio un arroz chaufa de mariscos, ademas de un pichel de chicha morada.De la comida no tengo queja, muy sabroso y abundante el ceviche, que traia pulpo, camaron, calamar y pescado, acompannado de camote y elotes. El calamar tambien fue abundante, traia una salsa tarta cremosa y rica y de acompannamiento una yuca frita y ensaladilla de tomate con cebolla. El empanizado estaba un poquito pasado de sal, pero rico sobre todo. Lo unico que no nos gusto mucho fue el arroz chaufa, ya que venia como cocinado en un aceite de soya muy fuerte, con un olor penetrante y no nos gusto mucho el sabor. Venia bien cargado de marisco eso si.El unico punto debil para mi fue el servicio. No se si sera especificamente el salonero que nos atendio, pero primero le repetimos la orden como 5 veces, el la repitio y aun asi uno de los platos venia mal (el chaufa de mariscos lo habiamos pedido originalmente de camaron, por sugerencia del mismo mesero), con la chicha morada, mi esposo le pregunto que de que tamano era y cuanto valia, el dijo ""ya le averiguo"" y cuando volvio ya traia el pichel, ni siquiera nos dio el precio ni nada. Ademas, los precios no incluyen el 23% de impuestos.En resumen, buena comida en general, un servicio regular y de precios pues si es caro, una cena para dos nos salio en unos $30 por persona.",30-diciembre-2014,3
g309293-d1118173,Tumi's House,3.5,"Peruana, Latina, Mariscos, Española, Sudamericana","300 metros Oeste del ICE, San José Costa Rica","9.962003,-84.066185","Visité este restaurante porque me dijeron que allí estaba la mejor comida peruana de San José. En ese sentido la recomendación fue acertada. Nos encantó lo que pedimos: Ensalada de Aguacate y una Parrillada para Dos, de postre suspiro Limeño con pisco.Las porciones son muy generosas (comparadas a las de otros restaurantes) lo que viene a compensar el precio de los platos (los cuales me parecieron muy por encima del promedio)A local le hace falta algo para que uno se sienta en un lugar agradable, acogedor. Esa fue la parte que no me gustó y no quiero comparar usando nombres para que nadie se sienta afectado ni ofendido. Sin embargo la comida estaba tan rica que volvería a cenar allí. Eso sí, antes de volver allí seguiré experimentando.",1-julio-2014,4
g309293-d1118173,Tumi's House,3.5,"Peruana, Latina, Mariscos, Española, Sudamericana","300 metros Oeste del ICE, San José Costa Rica","9.962003,-84.066185","encontrar comida peruana genuina es difícil, la comida en sí sabía bien el lomo saltado y el pollo pero la atención deja mucho que desear son lentos y más de una vez tuvimos que levantarnos de la mesa para que nos pusieran atención",20-abril-2014,3
g309293-d1118173,Tumi's House,3.5,"Peruana, Latina, Mariscos, Española, Sudamericana","300 metros Oeste del ICE, San José Costa Rica","9.962003,-84.066185","Deliciosa opción para degustar platos de la cocina Peruana. El servicio atento, amable y cálido; muy destacable. La comida extraordinariamente deliciosa, todo fresco, en su punto justo. Mi esposa y yo salimos muy complacidos, nuestros platos fueron: una causa limeña, muy deliciosa, un tiradito de corvina espectacular, luego de plato fuerte un arroz con pollo al culantro, delicioso arroz preparado con una riquìsima salsa de culantro, muy diferente a lo que normalmente se come, exotico pero muy rico. También una corvina limeña, muy rica, con una salsa de hongos y esárragos al dente, muy delicioso. Definitivamente toda la comida espectacular, altamente recomendado, la relación calidad-sabor y precio perfecta.",19-abril-2014,5
g309293-d1118173,Tumi's House,3.5,"Peruana, Latina, Mariscos, Española, Sudamericana","300 metros Oeste del ICE, San José Costa Rica","9.962003,-84.066185","Siempre un excelente servicio y la comida simplemente deliciosa. Buen precio. Prueben el ceviche, chaufas y la corvina limeña.",18-abril-2014,5
g309293-d1118173,Tumi's House,3.5,"Peruana, Latina, Mariscos, Española, Sudamericana","300 metros Oeste del ICE, San José Costa Rica","9.962003,-84.066185","Anoche, mi esposa y yo, fuimos a cenar a Tumis House. Al llegar tuvimos que vomitar. Seguramente, el pescado que nos sirvieron tenía mucho tiempo en el refrigerador. El sabor de la comida estaba muy malo. Al final no nos quedó otra opción que pagar un precio muy elevado. No recomiendo este restaurante.",27-noviembre-2013,1
g309293-d1118173,Tumi's House,3.5,"Peruana, Latina, Mariscos, Española, Sudamericana","300 metros Oeste del ICE, San José Costa Rica","9.962003,-84.066185",De los restaurantes peruanos la mejor opción.  El pescado a la chorillana es delicioso y la paella alcanza para dos personas. Tienen cerveza cusquena que es deliciosa y los precios son super razonables. Una buena elección para comida peruana.,2-agosto-2013,5
g309293-d1118173,Tumi's House,3.5,"Peruana, Latina, Mariscos, Española, Sudamericana","300 metros Oeste del ICE, San José Costa Rica","9.962003,-84.066185",Excelentes precios en relación con el tamaño de los platos y la calidad. Buen sabor y atención de los meseros.,6-julio-2013,4
g309293-d1118173,Tumi's House,3.5,"Peruana, Latina, Mariscos, Española, Sudamericana","300 metros Oeste del ICE, San José Costa Rica","9.962003,-84.066185",La comida nos es la gran cosa. El ambiente bullicioso hace que una quiera retirarse lo antes posible. El parqueo es muy incómodo.,16-junio-2013,3
g309293-d1118173,Tumi's House,3.5,"Peruana, Latina, Mariscos, Española, Sudamericana","300 metros Oeste del ICE, San José Costa Rica","9.962003,-84.066185","Tumis se caracteriza por porciones muy grandes y de sabor agradable pero no fuera de lo comun, es un restaurante promedio, no es de mis favoritos. Pero si buscas cantidad por bajo precio esta es una muy buena opción, ya q sus precios son mas cómodos q otros reconocidos restaurantes peruanos y las porciones son generosas.",26-febrero-2013,3
g309293-d1118173,Tumi's House,3.5,"Peruana, Latina, Mariscos, Española, Sudamericana","300 metros Oeste del ICE, San José Costa Rica","9.962003,-84.066185","Mi experiencia fue regular porque no hay mucho espacio para parquear y muy incomodo, ademas el precio es un poco elevado.",30-mayo-2012,3
g309293-d1118173,Tumi's House,3.5,"Peruana, Latina, Mariscos, Española, Sudamericana","300 metros Oeste del ICE, San José Costa Rica","9.962003,-84.066185","Para mi es la mejor opcion de comida peruana que hay en CR, he probado otros, quizas mas famosos, pero no se le compara. Excelente la comida por excelentes precios",7-mayo-2012,5
g309293-d1118173,Tumi's House,3.5,"Peruana, Latina, Mariscos, Española, Sudamericana","300 metros Oeste del ICE, San José Costa Rica","9.962003,-84.066185",El ceviche y la causa limeña son buenísimos. Está bien ubicado aunque el parqueo es un poco incomodo,9-enero-2012,4
g309293-d1118173,Tumi's House,3.5,"Peruana, Latina, Mariscos, Española, Sudamericana","300 metros Oeste del ICE, San José Costa Rica","9.962003,-84.066185",soy tico yo y mi familia siempre vamos ahi a comer pero estos hultimos meces la comida que siempre comemos ya no es igual que antes el sabor pecimo ..creo en algo cambiaron puede ser el chef .y yo pregunte al mozo si era el mismo cocinero ..para sorpresa los mozos se reiron y me contesto que ahora solo los nicaraguenses cocinava y mi familia salieron asqueados por que ya no era comida peruana que pena,22-diciembre-2011,2
g309293-d1118173,Tumi's House,3.5,"Peruana, Latina, Mariscos, Española, Sudamericana","300 metros Oeste del ICE, San José Costa Rica","9.962003,-84.066185","A diferencia de inka grill, tumis house tiene precios mas accesibles y aun asi teniendo excelente calidad. Me gusta mucho, lo unico malo es el parqueo pero vale la pena ir y degustar buenos platillos. Incluso los saloneros son peruanos.",12-agosto-2011,4
g309293-d1118173,Tumi's House,3.5,"Peruana, Latina, Mariscos, Española, Sudamericana","300 metros Oeste del ICE, San José Costa Rica","9.962003,-84.066185",el mejor peruano de CR,27-agosto-2008,5
g309293-d1118173,Tumi's House,3.5,"Peruana, Latina, Mariscos, Española, Sudamericana","300 metros Oeste del ICE, San José Costa Rica","9.962003,-84.066185","Muy buen restaurante de comida Peruana, las porciones son muy generosas y el sazon es de primera calidad, no es franquicia lo que lo hace unico , Los martes y los jueves tiene promocion con Credomatic de 50% y eso lo hace tambien muy accesible de precio.No olviden provar la paella y los calamares de entrada, son mis favoritos.La atencion y el servicio son de llamar la atencion muy buena calidad",1-agosto-2008,4
g309293-d1118173,Tumi's House,3.5,"Peruana, Latina, Mariscos, Española, Sudamericana","300 metros Oeste del ICE, San José Costa Rica","9.962003,-84.066185","No malgastes tu tiempo (tardó más de 20 minutos para obtener la comida), y luego mi carne"", ""medio era como el cuero de los zapatos. El agua era buena (tenía que ir para conseguir mi propia recarga) y esa es la única cosa. Ah, y el wifi funcionaba.",16-agosto-2017,2
g309293-d1118173,Tumi's House,3.5,"Peruana, Latina, Mariscos, Española, Sudamericana","300 metros Oeste del ICE, San José Costa Rica","9.962003,-84.066185","Un gran servicio. Un buen gestor.Pero la comida era promedio. Y sin duda, demasiado caro.La entrada era normal y el color de la comida parecía artificial.Filet Mignon era normal. Nada parecido a las fotos del menú.Una comida sencilla para más de 40 dólares es realmente demasiado.",11-mayo-2017,3
g309293-d1118173,Tumi's House,3.5,"Peruana, Latina, Mariscos, Española, Sudamericana","300 metros Oeste del ICE, San José Costa Rica","9.962003,-84.066185","Excelente servicio por peruanos, platos peruanos con una bonita presentación y atención al detalle, el aperitivo caliente y camarones avacado fue excepcional.",20-septiembre-2016,5
g309293-d1118173,Tumi's House,3.5,"Peruana, Latina, Mariscos, Española, Sudamericana","300 metros Oeste del ICE, San José Costa Rica","9.962003,-84.066185",Realmente un buen servicio y buena comida. No parece gran cosa. Pero la comida lo compensa. El coste es de aproximadamente media . Sin duda lo recomiendo.,17-enero-2016,5
g309293-d1118173,Tumi's House,3.5,"Peruana, Latina, Mariscos, Española, Sudamericana","300 metros Oeste del ICE, San José Costa Rica","9.962003,-84.066185","Un auténtico peruano deliciosa comida! Muy buen servicio!Me encantó el piqueo, parihuela, el lomo saltado, el suspiro limeño piscos y es de visita obligada.",19-mayo-2015,5
g309293-d1118173,Tumi's House,3.5,"Peruana, Latina, Mariscos, Española, Sudamericana","300 metros Oeste del ICE, San José Costa Rica","9.962003,-84.066185","Puede ser que tuve mala suerte con los platos que pedí, pero dos veces ... Yo no me da tercera posibilidades. Si vas a estar lejos de cualquier plato de pulpo ya que puede acabar con caucho. Lo mismo sucedió a mi novia y yo cuando llegamos el ""jalea de mariscos"", comimos unos 0,25 y que era, una completa pérdida de dinero.",21-febrero-2012,3
g309293-d1118173,Tumi's House,3.5,"Peruana, Latina, Mariscos, Española, Sudamericana","300 metros Oeste del ICE, San José Costa Rica","9.962003,-84.066185","En los fines de semana hay música en vivo de Max, un ciego guitarrista de Bolivia, que es increíble.",13-febrero-2012,4
g1484783-d17369307,Los Korales,4.5,"Mariscos, Sudamericana, Costarricense","Av 65, Los Colegios, Moravia Costa Rica","9.962594,-84.059975","Soy un cliente frecuente de esta marisquería desde hace bastantes años. Su calidad es muy alta, con mariscos siempre frescos y con un excelente sabor. El servicio express es genial y por medio del WhatsApp envían promociones buenísimas con la misma calidad de siempre. Súper recomendados!! ",25-octubre-2020,5
g1484783-d17369307,Los Korales,4.5,"Mariscos, Sudamericana, Costarricense","Av 65, Los Colegios, Moravia Costa Rica","9.962594,-84.059975","Este restaurante existe desde hace muchos años, el trato del personal es excelente y la comida es deliciosa, en especial el pulpo al ajillo. Este lugar es recomendable para los amantes de los mariscos ya que hay de todo tipo en cuanto a comida de mar. ",28-junio-2019,5
g1484783-d17369307,Los Korales,4.5,"Mariscos, Sudamericana, Costarricense","Av 65, Los Colegios, Moravia Costa Rica","9.962594,-84.059975",Lugar sencillo de comida típica. El ceviche de corvina es delicioso. Ambiente familiar y buena atención.,25-abril-2019,4
